CREATE DATABASE  IF NOT EXISTS `social_network_pro` /*!40100 DEFAULT CHARACTER SET utf8mb4 COLLATE utf8mb4_unicode_ci */ /*!80016 DEFAULT ENCRYPTION='N' */;
USE `social_network_pro`;
-- MySQL dump 10.13  Distrib 8.0.40, for Win64 (x86_64)
--
-- Host: 127.0.0.1    Database: social_network_pro
-- ------------------------------------------------------
-- Server version	8.0.40

/*!40101 SET @OLD_CHARACTER_SET_CLIENT=@@CHARACTER_SET_CLIENT */;
/*!40101 SET @OLD_CHARACTER_SET_RESULTS=@@CHARACTER_SET_RESULTS */;
/*!40101 SET @OLD_COLLATION_CONNECTION=@@COLLATION_CONNECTION */;
/*!50503 SET NAMES utf8 */;
/*!40103 SET @OLD_TIME_ZONE=@@TIME_ZONE */;
/*!40103 SET TIME_ZONE='+00:00' */;
/*!40014 SET @OLD_UNIQUE_CHECKS=@@UNIQUE_CHECKS, UNIQUE_CHECKS=0 */;
/*!40014 SET @OLD_FOREIGN_KEY_CHECKS=@@FOREIGN_KEY_CHECKS, FOREIGN_KEY_CHECKS=0 */;
/*!40101 SET @OLD_SQL_MODE=@@SQL_MODE, SQL_MODE='NO_AUTO_VALUE_ON_ZERO' */;
/*!40111 SET @OLD_SQL_NOTES=@@SQL_NOTES, SQL_NOTES=0 */;

--
-- Table structure for table `comments`
--

DROP TABLE IF EXISTS `comments`;
/*!40101 SET @saved_cs_client     = @@character_set_client */;
/*!50503 SET character_set_client = utf8mb4 */;
CREATE TABLE `comments` (
  `comment_id` int NOT NULL AUTO_INCREMENT,
  `post_id` int NOT NULL,
  `user_id` int NOT NULL,
  `content` text COLLATE utf8mb4_unicode_ci NOT NULL,
  `created_at` datetime DEFAULT CURRENT_TIMESTAMP,
  PRIMARY KEY (`comment_id`),
  KEY `comments_fk_posts` (`post_id`),
  KEY `comments_fk_users` (`user_id`),
  CONSTRAINT `comments_fk_posts` FOREIGN KEY (`post_id`) REFERENCES `posts` (`post_id`) ON DELETE CASCADE,
  CONSTRAINT `comments_fk_users` FOREIGN KEY (`user_id`) REFERENCES `users` (`user_id`)
) ENGINE=InnoDB AUTO_INCREMENT=35 DEFAULT CHARSET=utf8mb4 COLLATE=utf8mb4_unicode_ci;
/*!40101 SET character_set_client = @saved_cs_client */;

--
-- Dumping data for table `comments`
--

LOCK TABLES `comments` WRITE;
/*!40000 ALTER TABLE `comments` DISABLE KEYS */;
INSERT INTO `comments` VALUES (1,101,2,'Đà Lạt mùa này mát lắm, đi đi bạn!','2024-01-27 16:15:00'),(2,101,5,'Mình đi tuần trước rồi, đẹp cực!','2024-01-27 17:30:00'),(3,101,8,'Tag mình vào với, muốn đi quá','2024-01-27 18:45:00'),(4,102,3,'Mình cũng chán học online rồi, muốn gặp mặt lắm','2024-09-08 10:20:00'),(5,102,6,'Offline mới có động lực học chứ','2024-09-08 11:40:00'),(6,103,1,'Công thức này mình lưu lại nấu thử cuối tuần','2024-04-15 20:00:00'),(7,103,4,'Bún bò Huế ngon nhất vẫn là ở Huế nhỉ?','2024-04-15 21:15:00'),(8,104,7,'Quote hay quá, set làm wallpaper luôn','2025-07-13 09:00:00'),(9,105,10,'Python học từ freeCodeCamp hoặc Codecademy nhé','2025-03-09 15:30:00'),(10,106,12,'Thời tiết đẹp thì phải ra Hồ Gươm chứ!','2024-04-06 12:00:00'),(11,107,14,'Recommend playlist Lo-fi Girl đi bạn','2025-06-02 22:00:00'),(12,108,16,'Ăn đêm ngon nhưng mai dậy muộn luôn ?','2025-10-28 00:30:00'),(13,109,18,'Mọi người vẫn khỏe chứ, lâu quá không chat','2025-03-06 11:00:00'),(14,110,20,'Mưa thế này chỉ muốn ngủ thêm tí nữa','2025-08-27 08:15:00'),(15,111,22,'Mình chơi Genshin UID 812345678 add nhé!','2024-12-15 21:00:00'),(16,112,1,'Quán này mình đi rồi, đồ uống ngon giá ổn','2024-04-15 13:00:00'),(17,113,5,'Sách hay lắm, đọc xong thay đổi thói quen thật','2024-04-10 19:00:00'),(18,114,9,'Cố lên bạn, mình cũng đang tập đây!','2025-09-11 07:00:00'),(19,115,13,'Quán The Note Coffee ở Hoàn Kiếm view đẹp lắm','2025-04-16 15:00:00'),(20,116,17,'Đà Lạt mùa này hoa mai anh đào nở đẹp cực','2025-01-23 10:30:00'),(21,117,21,'Con chó dễ thương quá, giống gì vậy bạn?','2024-10-24 21:30:00'),(22,118,25,'Tối nay mình ăn phở, gợi ý thêm đi','2025-03-22 19:00:00'),(23,119,3,'Deadline dí cả team luôn, ai cũng mệt','2024-10-13 23:00:00'),(24,120,6,'Log table lớn thì partition theo ngày nhé','2025-06-26 12:00:00'),(25,121,11,'Áo đẹp quá, shop nào vậy bạn?','2024-06-06 16:00:00'),(26,122,15,'Phim này hay thật, xem xong khóc luôn','2025-05-13 22:30:00'),(27,123,19,'Vườn rau sạch thế này ghen tị quá','2025-07-08 09:00:00'),(28,124,23,'Selfie xinh lung linh luôn!','2024-09-01 20:00:00'),(29,125,2,'Deadline tuần này ai cũng vật vã','2025-09-23 00:30:00'),(30,126,4,'Cà phê sáng là nguồn sống luôn ☕','2024-11-28 08:00:00'),(31,127,8,'View biển Đà Nẵng đẹp mê hồn','2025-08-21 15:30:00'),(32,128,12,'1 tháng gym thấy người săn chắc hơn rồi','2024-08-03 11:00:00'),(33,129,16,'Event Genshin lần này phần thưởng ngon lắm','2025-09-03 21:30:00'),(34,130,20,'Áo này mặc hợp quá, khoe thêm đi','2025-11-17 17:00:00');
/*!40000 ALTER TABLE `comments` ENABLE KEYS */;
UNLOCK TABLES;

--
-- Table structure for table `friends`
--

DROP TABLE IF EXISTS `friends`;
/*!40101 SET @saved_cs_client     = @@character_set_client */;
/*!50503 SET character_set_client = utf8mb4 */;
CREATE TABLE `friends` (
  `user_id` int NOT NULL,
  `friend_id` int NOT NULL,
  `status` enum('pending','accepted','blocked') COLLATE utf8mb4_unicode_ci DEFAULT 'pending',
  `created_at` datetime DEFAULT CURRENT_TIMESTAMP,
  PRIMARY KEY (`user_id`,`friend_id`),
  KEY `friends_fk_user2` (`friend_id`),
  CONSTRAINT `friends_fk_user1` FOREIGN KEY (`user_id`) REFERENCES `users` (`user_id`),
  CONSTRAINT `friends_fk_user2` FOREIGN KEY (`friend_id`) REFERENCES `users` (`user_id`)
) ENGINE=InnoDB DEFAULT CHARSET=utf8mb4 COLLATE=utf8mb4_unicode_ci;
/*!40101 SET character_set_client = @saved_cs_client */;

--
-- Dumping data for table `friends`
--

LOCK TABLES `friends` WRITE;
/*!40000 ALTER TABLE `friends` DISABLE KEYS */;
INSERT INTO `friends` VALUES (1,6,'accepted','2026-01-09 16:53:40'),(1,7,'accepted','2026-01-09 16:53:40'),(1,8,'accepted','2026-01-09 16:53:40'),(1,9,'pending','2026-01-09 16:53:40'),(1,10,'pending','2026-01-09 16:53:40'),(1,11,'accepted','2026-01-09 16:53:40'),(1,12,'accepted','2026-01-09 16:53:40'),(1,13,'accepted','2026-01-09 16:53:40'),(1,14,'accepted','2026-01-09 16:53:40'),(1,15,'pending','2026-01-09 16:53:40'),(1,16,'accepted','2026-01-09 16:53:40'),(1,18,'accepted','2026-01-09 16:53:40'),(1,20,'pending','2026-01-09 16:53:40'),(1,22,'accepted','2026-01-09 16:53:40'),(1,24,'accepted','2026-01-09 16:53:40'),(2,3,'accepted','2026-01-09 16:53:40'),(2,5,'accepted','2026-01-09 16:53:40'),(2,6,'pending','2026-01-09 16:53:40'),(2,7,'pending','2026-01-09 16:53:40'),(2,9,'accepted','2026-01-09 16:53:40'),(2,10,'accepted','2026-01-09 16:53:40'),(2,11,'accepted','2026-01-09 16:53:40'),(2,12,'accepted','2026-01-09 16:53:40'),(2,13,'accepted','2026-01-09 16:53:40'),(2,14,'pending','2026-01-09 16:53:40'),(2,15,'accepted','2026-01-09 16:53:40'),(2,17,'accepted','2026-01-09 16:53:40'),(2,19,'pending','2026-01-09 16:53:40'),(2,21,'accepted','2026-01-09 16:53:40'),(2,23,'accepted','2026-01-09 16:53:40'),(2,25,'pending','2026-01-09 16:53:40'),(3,4,'accepted','2026-01-09 16:53:40'),(3,6,'accepted','2026-01-09 16:53:40'),(3,7,'accepted','2026-01-09 16:53:40'),(3,8,'pending','2026-01-09 16:53:40'),(3,9,'pending','2026-01-09 16:53:40'),(3,10,'accepted','2026-01-09 16:53:40'),(3,11,'accepted','2026-01-09 16:53:40'),(3,12,'accepted','2026-01-09 16:53:40'),(3,13,'pending','2026-01-09 16:53:40'),(3,14,'accepted','2026-01-09 16:53:40'),(3,15,'accepted','2026-01-09 16:53:40'),(3,18,'accepted','2026-01-09 16:53:40'),(3,20,'pending','2026-01-09 16:53:40'),(3,22,'accepted','2026-01-09 16:53:40'),(3,24,'accepted','2026-01-09 16:53:40'),(4,5,'pending','2026-01-09 16:53:40'),(4,7,'accepted','2026-01-09 16:53:40'),(4,8,'accepted','2026-01-09 16:53:40'),(4,9,'accepted','2026-01-09 16:53:40'),(4,10,'accepted','2026-01-09 16:53:40'),(4,11,'pending','2026-01-09 16:53:40'),(4,12,'pending','2026-01-09 16:53:40'),(4,13,'accepted','2026-01-09 16:53:40'),(4,16,'accepted','2026-01-09 16:53:40'),(4,17,'accepted','2026-01-09 16:53:40'),(4,19,'pending','2026-01-09 16:53:40'),(4,21,'accepted','2026-01-09 16:53:40'),(4,23,'accepted','2026-01-09 16:53:40'),(4,25,'pending','2026-01-09 16:53:40'),(5,1,'accepted','2026-01-09 16:53:40'),(5,6,'accepted','2026-01-09 16:53:40'),(5,8,'accepted','2026-01-09 16:53:40'),(5,9,'accepted','2026-01-09 16:53:40'),(5,10,'accepted','2026-01-09 16:53:40'),(5,11,'pending','2026-01-09 16:53:40'),(5,12,'accepted','2026-01-09 16:53:40'),(5,13,'accepted','2026-01-09 16:53:40'),(5,14,'pending','2026-01-09 16:53:40'),(5,16,'pending','2026-01-09 16:53:40'),(5,17,'accepted','2026-01-09 16:53:40'),(5,18,'accepted','2026-01-09 16:53:40'),(5,20,'accepted','2026-01-09 16:53:40'),(5,22,'pending','2026-01-09 16:53:40'),(5,24,'accepted','2026-01-09 16:53:40'),(6,2,'accepted','2026-01-09 16:53:40'),(6,4,'pending','2026-01-09 16:53:40'),(6,9,'accepted','2026-01-09 16:53:40'),(6,10,'pending','2026-01-09 16:53:40'),(6,11,'accepted','2026-01-09 16:53:40'),(6,12,'accepted','2026-01-09 16:53:40'),(6,13,'accepted','2026-01-09 16:53:40'),(6,14,'accepted','2026-01-09 16:53:40'),(6,15,'accepted','2026-01-09 16:53:40'),(6,17,'pending','2026-01-09 16:53:40'),(6,18,'pending','2026-01-09 16:53:40'),(6,19,'accepted','2026-01-09 16:53:40'),(6,21,'accepted','2026-01-09 16:53:40'),(6,23,'pending','2026-01-09 16:53:40'),(6,25,'accepted','2026-01-09 16:53:40'),(7,3,'accepted','2026-01-09 16:53:40'),(7,5,'accepted','2026-01-09 16:53:40'),(7,8,'accepted','2026-01-09 16:53:40'),(7,10,'accepted','2026-01-09 16:53:40'),(7,11,'accepted','2026-01-09 16:53:40'),(7,12,'pending','2026-01-09 16:53:40'),(7,13,'pending','2026-01-09 16:53:40'),(7,14,'accepted','2026-01-09 16:53:40'),(7,15,'accepted','2026-01-09 16:53:40'),(7,16,'accepted','2026-01-09 16:53:40'),(7,18,'pending','2026-01-09 16:53:40'),(7,19,'accepted','2026-01-09 16:53:40'),(7,20,'accepted','2026-01-09 16:53:40'),(7,22,'accepted','2026-01-09 16:53:40'),(7,24,'pending','2026-01-09 16:53:40'),(8,1,'accepted','2026-01-09 16:53:40'),(8,6,'accepted','2026-01-09 16:53:40'),(8,10,'pending','2026-01-09 16:53:40'),(8,11,'accepted','2026-01-09 16:53:40'),(8,12,'pending','2026-01-09 16:53:40'),(8,13,'accepted','2026-01-09 16:53:40'),(8,14,'accepted','2026-01-09 16:53:40'),(8,15,'pending','2026-01-09 16:53:40'),(8,16,'accepted','2026-01-09 16:53:40'),(8,17,'accepted','2026-01-09 16:53:40'),(8,19,'pending','2026-01-09 16:53:40'),(8,20,'accepted','2026-01-09 16:53:40'),(8,21,'accepted','2026-01-09 16:53:40'),(8,23,'accepted','2026-01-09 16:53:40'),(8,25,'pending','2026-01-09 16:53:40'),(9,2,'pending','2026-01-09 16:53:40'),(9,5,'accepted','2026-01-09 16:53:40'),(9,7,'accepted','2026-01-09 16:53:40'),(9,10,'accepted','2026-01-09 16:53:40'),(9,12,'accepted','2026-01-09 16:53:40'),(9,13,'accepted','2026-01-09 16:53:40'),(9,14,'accepted','2026-01-09 16:53:40'),(9,15,'pending','2026-01-09 16:53:40'),(9,16,'accepted','2026-01-09 16:53:40'),(9,17,'accepted','2026-01-09 16:53:40'),(9,18,'pending','2026-01-09 16:53:40'),(9,20,'pending','2026-01-09 16:53:40'),(9,21,'accepted','2026-01-09 16:53:40'),(9,22,'accepted','2026-01-09 16:53:40'),(9,24,'accepted','2026-01-09 16:53:40'),(10,3,'accepted','2026-01-09 16:53:40'),(10,8,'pending','2026-01-09 16:53:40'),(10,11,'pending','2026-01-09 16:53:40'),(10,13,'accepted','2026-01-09 16:53:40'),(10,14,'accepted','2026-01-09 16:53:40'),(10,15,'accepted','2026-01-09 16:53:40'),(10,16,'accepted','2026-01-09 16:53:40'),(10,17,'accepted','2026-01-09 16:53:40'),(10,18,'pending','2026-01-09 16:53:40'),(10,19,'pending','2026-01-09 16:53:40'),(10,20,'accepted','2026-01-09 16:53:40'),(10,21,'accepted','2026-01-09 16:53:40'),(10,22,'accepted','2026-01-09 16:53:40'),(10,23,'pending','2026-01-09 16:53:40'),(10,25,'accepted','2026-01-09 16:53:40'),(11,1,'accepted','2026-01-09 16:53:40'),(11,4,'pending','2026-01-09 16:53:40'),(11,6,'accepted','2026-01-09 16:53:40'),(11,9,'accepted','2026-01-09 16:53:40'),(11,12,'accepted','2026-01-09 16:53:40'),(11,14,'accepted','2026-01-09 16:53:40'),(11,15,'accepted','2026-01-09 16:53:40'),(11,16,'pending','2026-01-09 16:53:40'),(11,17,'pending','2026-01-09 16:53:40'),(11,18,'accepted','2026-01-09 16:53:40'),(11,19,'accepted','2026-01-09 16:53:40'),(11,20,'accepted','2026-01-09 16:53:40'),(11,22,'pending','2026-01-09 16:53:40'),(11,23,'accepted','2026-01-09 16:53:40'),(11,24,'accepted','2026-01-09 16:53:40'),(12,2,'accepted','2026-01-09 16:53:40'),(12,5,'pending','2026-01-09 16:53:40'),(12,7,'accepted','2026-01-09 16:53:40'),(12,13,'pending','2026-01-09 16:53:40'),(12,15,'accepted','2026-01-09 16:53:40'),(12,16,'accepted','2026-01-09 16:53:40'),(12,17,'accepted','2026-01-09 16:53:40'),(12,18,'accepted','2026-01-09 16:53:40'),(12,19,'accepted','2026-01-09 16:53:40'),(12,20,'pending','2026-01-09 16:53:40'),(12,21,'accepted','2026-01-09 16:53:40'),(12,23,'accepted','2026-01-09 16:53:40'),(12,24,'accepted','2026-01-09 16:53:40'),(12,25,'pending','2026-01-09 16:53:40'),(13,1,'accepted','2026-01-09 16:53:40'),(13,3,'accepted','2026-01-09 16:53:40'),(13,8,'pending','2026-01-09 16:53:40'),(13,10,'accepted','2026-01-09 16:53:40'),(13,12,'accepted','2026-01-09 16:53:40'),(13,14,'accepted','2026-01-09 16:53:40'),(13,16,'accepted','2026-01-09 16:53:40'),(13,17,'accepted','2026-01-09 16:53:40'),(13,18,'accepted','2026-01-09 16:53:40'),(13,19,'pending','2026-01-09 16:53:40'),(13,20,'pending','2026-01-09 16:53:40'),(13,21,'accepted','2026-01-09 16:53:40'),(13,22,'accepted','2026-01-09 16:53:40'),(13,24,'pending','2026-01-09 16:53:40'),(13,25,'accepted','2026-01-09 16:53:40'),(14,1,'accepted','2026-01-09 16:53:40'),(14,2,'accepted','2026-01-09 16:53:40'),(14,4,'pending','2026-01-09 16:53:40'),(14,7,'accepted','2026-01-09 16:53:40'),(14,9,'accepted','2026-01-09 16:53:40'),(14,11,'pending','2026-01-09 16:53:40'),(14,15,'pending','2026-01-09 16:53:40'),(14,17,'accepted','2026-01-09 16:53:40'),(14,18,'accepted','2026-01-09 16:53:40'),(14,19,'accepted','2026-01-09 16:53:40'),(14,20,'accepted','2026-01-09 16:53:40'),(14,21,'accepted','2026-01-09 16:53:40'),(14,22,'pending','2026-01-09 16:53:40'),(14,23,'pending','2026-01-09 16:53:40'),(14,25,'accepted','2026-01-09 16:53:40'),(15,1,'pending','2026-01-09 16:53:40'),(15,2,'accepted','2026-01-09 16:53:40'),(15,3,'accepted','2026-01-09 16:53:40'),(15,6,'accepted','2026-01-09 16:53:40'),(15,8,'pending','2026-01-09 16:53:40'),(15,10,'accepted','2026-01-09 16:53:40'),(15,13,'accepted','2026-01-09 16:53:40'),(15,16,'accepted','2026-01-09 16:53:40'),(15,18,'accepted','2026-01-09 16:53:40'),(15,19,'accepted','2026-01-09 16:53:40'),(15,20,'pending','2026-01-09 16:53:40'),(15,21,'pending','2026-01-09 16:53:40'),(15,22,'accepted','2026-01-09 16:53:40'),(15,23,'accepted','2026-01-09 16:53:40'),(15,24,'accepted','2026-01-09 16:53:40'),(16,2,'accepted','2026-01-09 16:53:40'),(16,5,'accepted','2026-01-09 16:53:40'),(16,7,'pending','2026-01-09 16:53:40'),(16,9,'accepted','2026-01-09 16:53:40'),(16,12,'accepted','2026-01-09 16:53:40'),(16,14,'pending','2026-01-09 16:53:40'),(16,17,'pending','2026-01-09 16:53:40'),(16,20,'accepted','2026-01-09 16:53:40'),(16,22,'accepted','2026-01-09 16:53:40'),(16,24,'pending','2026-01-09 16:53:40'),(17,1,'pending','2026-01-09 16:53:40'),(17,4,'accepted','2026-01-09 16:53:40'),(17,6,'accepted','2026-01-09 16:53:40'),(17,8,'pending','2026-01-09 16:53:40'),(17,11,'accepted','2026-01-09 16:53:40'),(17,13,'accepted','2026-01-09 16:53:40'),(17,18,'accepted','2026-01-09 16:53:40'),(17,21,'accepted','2026-01-09 16:53:40'),(17,23,'pending','2026-01-09 16:53:40'),(17,25,'accepted','2026-01-09 16:53:40'),(18,1,'pending','2026-01-09 16:53:40'),(18,3,'accepted','2026-01-09 16:53:40'),(18,5,'accepted','2026-01-09 16:53:40'),(18,7,'pending','2026-01-09 16:53:40'),(18,10,'accepted','2026-01-09 16:53:40'),(18,12,'accepted','2026-01-09 16:53:40'),(18,15,'pending','2026-01-09 16:53:40'),(18,19,'pending','2026-01-09 16:53:40'),(18,22,'accepted','2026-01-09 16:53:40'),(18,24,'accepted','2026-01-09 16:53:40'),(19,2,'accepted','2026-01-09 16:53:40'),(19,4,'pending','2026-01-09 16:53:40'),(19,6,'accepted','2026-01-09 16:53:40'),(19,9,'accepted','2026-01-09 16:53:40'),(19,11,'pending','2026-01-09 16:53:40'),(19,14,'accepted','2026-01-09 16:53:40'),(19,16,'accepted','2026-01-09 16:53:40'),(19,20,'accepted','2026-01-09 16:53:40'),(19,23,'accepted','2026-01-09 16:53:40'),(19,25,'pending','2026-01-09 16:53:40'),(20,1,'accepted','2026-01-09 16:53:40'),(20,3,'pending','2026-01-09 16:53:40'),(20,5,'accepted','2026-01-09 16:53:40'),(20,8,'accepted','2026-01-09 16:53:40'),(20,10,'pending','2026-01-09 16:53:40'),(20,13,'accepted','2026-01-09 16:53:40'),(20,15,'accepted','2026-01-09 16:53:40'),(20,17,'pending','2026-01-09 16:53:40'),(20,21,'pending','2026-01-09 16:53:40'),(20,24,'accepted','2026-01-09 16:53:40'),(21,2,'pending','2026-01-09 16:53:40'),(21,4,'accepted','2026-01-09 16:53:40'),(21,6,'pending','2026-01-09 16:53:40'),(21,7,'accepted','2026-01-09 16:53:40'),(21,10,'accepted','2026-01-09 16:53:40'),(21,12,'pending','2026-01-09 16:53:40'),(21,14,'accepted','2026-01-09 16:53:40'),(21,18,'accepted','2026-01-09 16:53:40'),(21,22,'accepted','2026-01-09 16:53:40'),(21,25,'accepted','2026-01-09 16:53:40'),(22,1,'accepted','2026-01-09 16:53:40'),(22,5,'accepted','2026-01-09 16:53:40'),(22,8,'pending','2026-01-09 16:53:40'),(22,9,'accepted','2026-01-09 16:53:40'),(22,11,'accepted','2026-01-09 16:53:40'),(22,13,'pending','2026-01-09 16:53:40'),(22,16,'accepted','2026-01-09 16:53:40'),(22,19,'accepted','2026-01-09 16:53:40'),(22,20,'pending','2026-01-09 16:53:40'),(22,23,'pending','2026-01-09 16:53:40'),(23,2,'accepted','2026-01-09 16:53:40'),(23,4,'pending','2026-01-09 16:53:40'),(23,6,'accepted','2026-01-09 16:53:40'),(23,10,'pending','2026-01-09 16:53:40'),(23,12,'accepted','2026-01-09 16:53:40'),(23,15,'accepted','2026-01-09 16:53:40'),(23,17,'pending','2026-01-09 16:53:40'),(23,18,'accepted','2026-01-09 16:53:40'),(23,21,'accepted','2026-01-09 16:53:40'),(23,24,'accepted','2026-01-09 16:53:40'),(24,1,'accepted','2026-01-09 16:53:40'),(24,3,'accepted','2026-01-09 16:53:40'),(24,7,'pending','2026-01-09 16:53:40'),(24,9,'accepted','2026-01-09 16:53:40'),(24,11,'accepted','2026-01-09 16:53:40'),(24,13,'pending','2026-01-09 16:53:40'),(24,14,'accepted','2026-01-09 16:53:40'),(24,19,'accepted','2026-01-09 16:53:40'),(24,22,'pending','2026-01-09 16:53:40'),(24,25,'pending','2026-01-09 16:53:40'),(25,2,'accepted','2026-01-09 16:53:40'),(25,4,'accepted','2026-01-09 16:53:40'),(25,5,'pending','2026-01-09 16:53:40'),(25,8,'accepted','2026-01-09 16:53:40'),(25,10,'accepted','2026-01-09 16:53:40'),(25,11,'pending','2026-01-09 16:53:40'),(25,16,'accepted','2026-01-09 16:53:40'),(25,18,'accepted','2026-01-09 16:53:40'),(25,20,'pending','2026-01-09 16:53:40'),(25,23,'accepted','2026-01-09 16:53:40');
/*!40000 ALTER TABLE `friends` ENABLE KEYS */;
UNLOCK TABLES;

--
-- Table structure for table `likes`
--

DROP TABLE IF EXISTS `likes`;
/*!40101 SET @saved_cs_client     = @@character_set_client */;
/*!50503 SET character_set_client = utf8mb4 */;
CREATE TABLE `likes` (
  `post_id` int NOT NULL,
  `user_id` int NOT NULL,
  `created_at` datetime DEFAULT CURRENT_TIMESTAMP,
  PRIMARY KEY (`post_id`,`user_id`),
  KEY `likes_fk_users` (`user_id`),
  CONSTRAINT `likes_fk_posts` FOREIGN KEY (`post_id`) REFERENCES `posts` (`post_id`) ON DELETE CASCADE,
  CONSTRAINT `likes_fk_users` FOREIGN KEY (`user_id`) REFERENCES `users` (`user_id`)
) ENGINE=InnoDB DEFAULT CHARSET=utf8mb4 COLLATE=utf8mb4_unicode_ci;
/*!40101 SET character_set_client = @saved_cs_client */;

--
-- Dumping data for table `likes`
--

LOCK TABLES `likes` WRITE;
/*!40000 ALTER TABLE `likes` DISABLE KEYS */;
INSERT INTO `likes` VALUES (101,1,'2024-01-27 16:20:00'),(101,3,'2024-01-27 17:00:00'),(101,4,'2024-01-27 17:10:00'),(101,5,'2024-01-27 17:45:00'),(101,6,'2024-01-27 18:00:00'),(101,7,'2024-01-27 18:30:00'),(101,8,'2024-01-27 19:30:00'),(101,9,'2024-01-27 19:15:00'),(101,10,'2024-01-28 09:00:00'),(101,11,'2024-01-27 20:00:00'),(101,13,'2024-01-28 09:30:00'),(101,15,'2024-01-28 10:15:00'),(101,17,'2024-01-28 11:00:00'),(101,19,'2024-01-28 12:00:00'),(102,2,'2024-09-08 10:30:00'),(102,4,'2024-09-08 11:20:00'),(102,5,'2024-09-08 11:50:00'),(102,6,'2024-09-08 12:10:00'),(102,9,'2024-09-08 13:20:00'),(102,10,'2024-09-08 13:00:00'),(102,12,'2024-09-08 15:00:00'),(102,14,'2024-09-08 15:30:00'),(102,15,'2024-09-08 16:40:00'),(102,16,'2024-09-08 16:45:00'),(102,18,'2024-09-08 18:00:00'),(102,20,'2024-09-08 19:20:00'),(102,22,'2024-09-08 20:40:00'),(103,1,'2024-04-15 20:30:00'),(103,3,'2024-04-15 20:30:00'),(103,5,'2024-04-15 21:00:00'),(103,7,'2024-04-15 21:50:00'),(103,9,'2024-04-15 22:30:00'),(103,11,'2024-04-15 23:10:00'),(103,13,'2024-04-16 10:15:00'),(103,14,'2024-04-16 09:30:00'),(103,15,'2024-04-16 11:30:00'),(103,17,'2024-04-16 12:45:00'),(103,18,'2024-04-16 11:00:00'),(103,19,'2024-04-16 14:00:00'),(103,23,'2024-04-16 15:20:00'),(104,2,'2025-07-13 09:20:00'),(104,4,'2025-07-13 10:00:00'),(104,5,'2025-07-13 09:20:00'),(104,6,'2025-07-13 10:45:00'),(104,8,'2025-07-13 11:30:00'),(104,9,'2025-07-13 10:40:00'),(104,10,'2025-07-13 12:15:00'),(104,12,'2025-07-13 13:00:00'),(104,13,'2025-07-13 12:00:00'),(104,14,'2025-07-13 14:00:00'),(104,16,'2025-07-13 15:00:00'),(104,17,'2025-07-13 13:30:00'),(104,18,'2025-07-13 16:00:00'),(104,20,'2025-07-13 17:00:00'),(104,21,'2025-07-13 15:00:00'),(105,1,'2025-03-09 15:30:00'),(105,4,'2025-03-09 16:15:00'),(105,7,'2025-03-09 17:00:00'),(105,9,'2025-03-09 17:45:00'),(105,11,'2025-03-09 18:30:00'),(105,13,'2025-03-09 19:15:00'),(105,17,'2025-03-09 20:00:00'),(105,19,'2025-03-09 20:45:00'),(105,21,'2025-03-09 21:30:00'),(105,23,'2025-03-09 22:15:00'),(106,3,'2024-04-06 12:00:00'),(106,5,'2024-04-06 12:45:00'),(106,8,'2024-04-06 13:30:00'),(106,10,'2024-04-06 14:15:00'),(106,12,'2024-04-06 15:00:00'),(106,14,'2024-04-06 15:45:00'),(106,16,'2024-04-06 16:30:00'),(106,18,'2024-04-06 17:15:00'),(106,20,'2024-04-06 18:00:00'),(106,22,'2024-04-06 18:45:00'),(107,1,'2025-06-02 22:00:00'),(107,4,'2025-06-02 22:45:00'),(107,6,'2025-06-02 23:30:00'),(107,9,'2025-06-03 00:15:00'),(107,11,'2025-06-03 01:00:00'),(107,13,'2025-06-03 01:45:00'),(107,15,'2025-06-03 02:30:00'),(107,17,'2025-06-03 03:15:00'),(107,19,'2025-06-03 04:00:00'),(107,21,'2025-06-03 04:45:00'),(108,2,'2025-10-28 00:30:00'),(108,5,'2025-10-28 01:15:00'),(108,7,'2025-10-28 02:00:00'),(108,10,'2025-10-28 02:45:00'),(108,12,'2025-10-28 03:30:00'),(108,14,'2025-10-28 04:15:00'),(108,16,'2025-10-28 05:00:00'),(108,18,'2025-10-28 05:45:00'),(108,20,'2025-10-28 06:30:00'),(108,22,'2025-10-28 07:15:00'),(109,1,'2025-03-06 11:00:00'),(109,4,'2025-03-06 11:45:00'),(109,6,'2025-03-06 12:30:00'),(109,8,'2025-03-06 13:15:00'),(109,10,'2025-03-06 14:00:00'),(109,12,'2025-03-06 14:45:00'),(109,14,'2025-03-06 15:30:00'),(109,16,'2025-03-06 16:15:00'),(109,18,'2025-03-06 17:00:00'),(109,20,'2025-03-06 17:45:00'),(110,3,'2025-08-27 08:15:00'),(110,5,'2025-08-27 09:00:00'),(110,7,'2025-08-27 09:45:00'),(110,9,'2025-08-27 10:30:00'),(110,11,'2025-08-27 11:15:00'),(110,13,'2025-08-27 12:00:00'),(110,15,'2025-08-27 12:45:00'),(110,17,'2025-08-27 13:30:00'),(110,19,'2025-08-27 14:15:00'),(110,21,'2025-08-27 15:00:00'),(120,2,'2025-06-26 12:30:00'),(120,4,'2025-06-26 13:15:00'),(120,6,'2025-06-26 14:00:00'),(120,8,'2025-06-26 14:45:00'),(120,10,'2025-06-26 15:30:00'),(140,1,'2024-11-09 11:00:00'),(140,3,'2024-11-09 11:45:00'),(140,5,'2024-11-09 12:30:00'),(140,7,'2024-11-09 13:15:00'),(140,9,'2024-11-09 14:00:00'),(150,2,'2024-12-26 18:00:00'),(150,4,'2024-12-26 18:45:00'),(150,6,'2024-12-26 19:30:00'),(150,8,'2024-12-26 20:15:00'),(150,10,'2024-12-26 21:00:00'),(150,12,'2024-12-26 21:45:00'),(150,14,'2024-12-26 22:30:00'),(150,16,'2024-12-26 23:15:00'),(150,18,'2024-12-27 00:00:00'),(150,20,'2024-12-27 00:45:00'),(160,4,'2025-01-02 16:00:00'),(160,6,'2025-01-02 16:45:00'),(160,8,'2025-01-02 17:30:00'),(160,10,'2025-01-02 18:15:00'),(160,12,'2025-01-02 19:00:00'),(180,2,'2025-11-18 11:00:00'),(180,5,'2025-11-18 11:45:00'),(180,7,'2025-11-18 12:30:00'),(180,9,'2025-11-18 13:15:00'),(180,11,'2025-11-18 14:00:00'),(200,1,'2024-09-01 17:00:00'),(200,3,'2024-09-01 17:45:00'),(200,5,'2024-09-01 18:30:00'),(200,7,'2024-09-01 19:15:00'),(200,9,'2024-09-01 20:00:00'),(200,11,'2024-09-01 20:45:00'),(200,13,'2024-09-01 21:30:00'),(200,15,'2024-09-01 22:15:00'),(200,17,'2024-09-01 23:00:00'),(200,19,'2024-09-01 23:45:00'),(220,3,'2024-02-23 10:00:00'),(220,6,'2024-02-23 10:45:00'),(220,8,'2024-02-23 11:30:00'),(220,10,'2024-02-23 12:15:00'),(220,13,'2024-02-23 13:00:00'),(250,2,'2025-07-08 16:00:00'),(250,4,'2025-07-08 16:45:00'),(250,6,'2025-07-08 17:30:00'),(250,8,'2025-07-08 18:15:00'),(250,10,'2025-07-08 19:00:00'),(250,12,'2025-07-08 19:45:00'),(250,14,'2025-07-08 20:30:00'),(250,16,'2025-07-08 21:15:00'),(250,18,'2025-07-08 22:00:00'),(250,20,'2025-07-08 22:45:00'),(296,1,'2025-05-13 14:00:00'),(296,3,'2025-05-13 14:45:00'),(296,5,'2025-05-13 15:30:00'),(296,8,'2025-05-13 16:15:00'),(296,9,'2025-05-13 17:00:00'),(296,10,'2025-05-13 17:45:00'),(296,11,'2025-05-13 18:30:00'),(296,12,'2025-05-13 19:15:00'),(296,13,'2025-05-13 20:00:00'),(296,15,'2025-05-13 20:45:00');
/*!40000 ALTER TABLE `likes` ENABLE KEYS */;
UNLOCK TABLES;

--
-- Table structure for table `messages`
--

DROP TABLE IF EXISTS `messages`;
/*!40101 SET @saved_cs_client     = @@character_set_client */;
/*!50503 SET character_set_client = utf8mb4 */;
CREATE TABLE `messages` (
  `message_id` int NOT NULL AUTO_INCREMENT,
  `sender_id` int NOT NULL,
  `receiver_id` int NOT NULL,
  `content` text COLLATE utf8mb4_unicode_ci NOT NULL,
  `created_at` datetime DEFAULT CURRENT_TIMESTAMP,
  PRIMARY KEY (`message_id`),
  KEY `messages_fk_sender` (`sender_id`),
  KEY `messages_fk_receiver` (`receiver_id`),
  KEY `messages_created_at_ix` (`created_at` DESC),
  CONSTRAINT `messages_fk_receiver` FOREIGN KEY (`receiver_id`) REFERENCES `users` (`user_id`),
  CONSTRAINT `messages_fk_sender` FOREIGN KEY (`sender_id`) REFERENCES `users` (`user_id`)
) ENGINE=InnoDB AUTO_INCREMENT=51 DEFAULT CHARSET=utf8mb4 COLLATE=utf8mb4_unicode_ci;
/*!40101 SET character_set_client = @saved_cs_client */;

--
-- Dumping data for table `messages`
--

LOCK TABLES `messages` WRITE;
/*!40000 ALTER TABLE `messages` DISABLE KEYS */;
INSERT INTO `messages` VALUES (1,1,2,'Bình ơi, bạn học tới phần JOIN chưa?','2024-01-16 09:15:00'),(2,2,1,'Mình đang vật vã với LEFT JOIN đây An ơi ?','2024-01-16 09:30:00'),(3,3,4,'Duy share mình tài liệu MySQL 8 đi','2024-01-18 14:20:00'),(4,4,3,'Ok Chi, để mình gửi link Google Drive nhé','2024-01-18 14:35:00'),(5,5,1,'An ơi, index nhiều quá có xấu không?','2024-01-20 11:10:00'),(6,1,5,'Hà ơi, xem EXPLAIN rồi quyết định, đừng thêm bừa','2024-01-20 11:25:00'),(7,6,7,'Bạn làm mini mạng xã hội tới đâu rồi?','2024-01-22 16:40:00'),(8,7,6,'Mình đang làm phần feed bạn bè đây Hiếu','2024-01-22 17:00:00'),(9,8,9,'Lâm ơi, bạn có dùng partition table chưa?','2024-01-25 10:50:00'),(10,9,8,'Mình thử rồi, hợp với log lắm Hoa','2024-01-25 11:05:00'),(11,10,11,'Minh ơi, đồ án cuối kỳ bạn làm gì?','2024-02-01 13:15:00'),(12,11,10,'Mình làm mạng xã hội mini giống bạn Linh','2024-02-01 13:30:00'),(13,12,13,'Nam ơi, bạn có tài liệu Stored Procedure không?','2024-02-05 15:20:00'),(14,13,12,'Có Nga, để mình gửi qua Zalo nhé','2024-02-05 15:35:00'),(15,14,15,'Phương ơi, bạn hay dùng MySQL Workbench không?','2024-02-10 08:45:00'),(16,15,14,'Mình dùng suốt Nhân ơi, tiện lắm','2024-02-10 09:00:00'),(17,16,17,'Quang ơi, replication bạn đã thử chưa?','2024-02-15 12:10:00'),(18,17,16,'Chưa Sơn, để mình tìm hiểu thêm','2024-02-15 12:25:00'),(19,18,19,'Thảo ơi, bạn có đi Đà Lạt tuần này không?','2024-02-20 18:30:00'),(20,19,18,'Có Trang ơi, đi cùng nhé!','2024-02-20 18:45:00'),(21,20,21,'Tuấn ơi, bạn có playlist chill không?','2024-03-01 22:15:00'),(22,21,20,'Có Dũng, để mình gửi Spotify link','2024-03-01 22:30:00'),(23,22,23,'Yến ơi, bạn tập gym đều chưa?','2024-03-10 07:20:00'),(24,23,22,'Rồi Thành, 1 tháng rồi thấy tiến bộ','2024-03-10 07:35:00'),(25,24,25,'Mai ơi, quán cà phê Hoàn Kiếm nào chill?','2024-03-15 14:50:00'),(26,25,24,'The Note Coffee view đẹp lắm Vinh','2024-03-15 15:05:00'),(27,1,3,'Chi ơi, mình vừa quên WHERE trong UPDATE ?','2024-03-20 10:10:00'),(28,3,1,'Ai học DB cũng từng trải qua An ơi','2024-03-20 10:25:00'),(29,4,6,'Hiếu ơi, bạn có dùng denormalize không?','2024-04-01 16:40:00'),(30,6,4,'Thỉnh thoảng thôi Duy, cẩn thận dữ liệu loạn','2024-04-01 16:55:00'),(31,5,8,'Hoa ơi, deadline dí quá cứu với','2024-04-10 23:50:00'),(32,8,5,'Cùng khổ Hà ơi, cố lên!','2024-04-11 00:05:00'),(33,7,10,'Linh ơi, bạn có chơi Genshin không?','2024-04-15 20:30:00'),(34,10,7,'Có Minh, add friend nhé UID mình 123456789','2024-04-15 20:45:00'),(35,9,12,'Nam ơi, Atomic Habits hay lắm phải không?','2024-04-20 09:15:00'),(36,12,9,'Hay cực Lâm, thay đổi mình nhiều','2024-04-20 09:30:00'),(37,11,14,'Nhân ơi, tối nay ăn gì?','2024-05-01 18:20:00'),(38,14,11,'Phở đi Minh, gợi ý hay','2024-05-01 18:35:00'),(39,13,16,'Quang ơi, bạn có vườn rau sạch không?','2024-05-10 11:40:00'),(40,16,13,'Có Nga, khoe tí đây ?','2024-05-10 11:55:00'),(41,15,18,'Thảo ơi, phim mới hay không?','2024-05-20 21:10:00'),(42,18,15,'Hay lắm Phương, xem đi khóc luôn','2024-05-20 21:25:00'),(43,17,20,'Tuấn ơi, cà phê sáng ở Sài Gòn quán nào ngon?','2024-06-01 08:15:00'),(44,20,17,'Shin Coffee ngon lắm Sơn','2024-06-01 08:30:00'),(45,19,22,'Yến ơi, selfie hôm nay đẹp quá','2024-06-10 19:45:00'),(46,22,19,'Cảm ơn Thành, bạn cũng xinh','2024-06-10 20:00:00'),(47,21,24,'Mai ơi, deadline đồ án còn bao lâu?','2024-06-20 23:30:00'),(48,24,21,'Còn 1 tuần nữa Vinh ơi, căng thẳng quá','2024-06-20 23:45:00'),(49,2,25,'Vinh ơi, bạn có đi Đà Lạt không?','2024-07-01 10:20:00'),(50,25,2,'Có Mai, đi cùng nhé!','2024-07-01 10:35:00');
/*!40000 ALTER TABLE `messages` ENABLE KEYS */;
UNLOCK TABLES;

--
-- Table structure for table `notifications`
--

DROP TABLE IF EXISTS `notifications`;
/*!40101 SET @saved_cs_client     = @@character_set_client */;
/*!50503 SET character_set_client = utf8mb4 */;
CREATE TABLE `notifications` (
  `notification_id` int NOT NULL AUTO_INCREMENT,
  `user_id` int NOT NULL,
  `type` varchar(50) COLLATE utf8mb4_unicode_ci DEFAULT NULL,
  `content` varchar(255) COLLATE utf8mb4_unicode_ci DEFAULT NULL,
  `is_read` tinyint(1) DEFAULT '0',
  `created_at` datetime DEFAULT CURRENT_TIMESTAMP,
  PRIMARY KEY (`notification_id`),
  KEY `notifications_fk_users` (`user_id`),
  CONSTRAINT `notifications_fk_users` FOREIGN KEY (`user_id`) REFERENCES `users` (`user_id`)
) ENGINE=InnoDB AUTO_INCREMENT=861 DEFAULT CHARSET=utf8mb4 COLLATE=utf8mb4_unicode_ci;
/*!40101 SET character_set_client = @saved_cs_client */;

--
-- Dumping data for table `notifications`
--

LOCK TABLES `notifications` WRITE;
/*!40000 ALTER TABLE `notifications` DISABLE KEYS */;
INSERT INTO `notifications` VALUES (1,7,'comment','Nguyễn Văn An đã bình luận bài viết của bạn',0,'2024-04-15 20:17:00'),(2,3,'comment','Nguyễn Văn An đã bình luận bài viết của bạn',1,'2024-04-15 13:27:00'),(3,3,'comment','Trần Thị Bình đã bình luận bài viết của bạn',1,'2024-01-27 16:21:00'),(4,22,'comment','Trần Thị Bình đã bình luận bài viết của bạn',0,'2025-09-23 00:58:00'),(5,2,'comment','Lê Minh Chi đã bình luận bài viết của bạn',0,'2024-09-08 10:49:00'),(6,7,'comment','Phạm Quốc Duy đã bình luận bài viết của bạn',1,'2024-04-15 21:20:00'),(7,22,'comment','Phạm Quốc Duy đã bình luận bài viết của bạn',0,'2024-11-28 08:12:00'),(8,3,'comment','Vũ Thu Hà đã bình luận bài viết của bạn',1,'2024-01-27 17:35:00'),(9,12,'comment','Vũ Thu Hà đã bình luận bài viết của bạn',0,'2024-04-10 19:19:00'),(10,2,'comment','Đặng Hữu Hiếu đã bình luận bài viết của bạn',0,'2024-09-08 11:55:00'),(11,8,'comment','Đặng Hữu Hiếu đã bình luận bài viết của bạn',0,'2025-06-26 12:24:00'),(12,20,'comment','Ngô Mai Hoa đã bình luận bài viết của bạn',1,'2025-07-13 09:27:00'),(13,3,'comment','Bùi Khánh Linh đã bình luận bài viết của bạn',1,'2024-01-27 19:11:00'),(14,20,'comment','Bùi Khánh Linh đã bình luận bài viết của bạn',1,'2025-08-21 15:46:00'),(15,7,'comment','Phan Mỹ Linh đã bình luận bài viết của bạn',1,'2025-03-09 15:42:00'),(16,3,'comment','Nguyễn Minh đã bình luận bài viết của bạn',1,'2024-06-06 16:05:00'),(17,23,'comment','Trần Quốc Nam đã bình luận bài viết của bạn',1,'2024-04-06 12:11:00'),(18,18,'comment','Trần Quốc Nam đã bình luận bài viết của bạn',1,'2024-08-03 11:26:00'),(19,18,'comment','Lý Thúy Nga đã bình luận bài viết của bạn',1,'2025-04-16 15:06:00'),(20,8,'comment','Đỗ Hoàng Nhân đã bình luận bài viết của bạn',0,'2025-06-02 22:05:00'),(21,13,'comment','Tạ Kim Phương đã bình luận bài viết của bạn',1,'2025-05-13 22:53:00'),(22,9,'comment','Lê Quang đã bình luận bài viết của bạn',0,'2025-10-28 00:38:00'),(23,6,'comment','Lê Quang đã bình luận bài viết của bạn',0,'2025-09-03 21:44:00'),(24,3,'comment','Nguyễn Thành Sơn đã bình luận bài viết của bạn',1,'2025-01-23 10:42:00'),(25,23,'comment','Trần Thảo đã bình luận bài viết của bạn',0,'2025-03-06 11:13:00'),(26,21,'comment','Phạm Thu Trang đã bình luận bài viết của bạn',1,'2025-07-08 09:00:00'),(27,9,'comment','Đinh Minh Tuấn đã bình luận bài viết của bạn',0,'2025-08-27 08:22:00'),(28,9,'comment','Đinh Minh Tuấn đã bình luận bài viết của bạn',1,'2025-11-17 17:24:00'),(29,25,'comment','Phạm Hải Yến đã bình luận bài viết của bạn',0,'2024-12-15 21:05:00'),(30,12,'comment','Lê Văn Thành đã bình luận bài viết của bạn',1,'2024-09-01 20:09:00'),(31,19,'comment','Trần Quang Vinh đã bình luận bài viết của bạn',1,'2025-03-22 19:04:00'),(32,3,'like','Nguyễn Văn An đã thích bài viết của bạn',1,'2024-01-27 16:24:00'),(33,7,'like','Nguyễn Văn An đã thích bài viết của bạn',0,'2024-04-15 20:32:00'),(34,7,'like','Nguyễn Văn An đã thích bài viết của bạn',1,'2025-03-09 15:35:00'),(35,8,'like','Nguyễn Văn An đã thích bài viết của bạn',1,'2025-06-02 22:13:00'),(36,23,'like','Nguyễn Văn An đã thích bài viết của bạn',0,'2025-03-06 11:18:00'),(37,18,'like','Nguyễn Văn An đã thích bài viết của bạn',0,'2024-11-09 11:02:00'),(38,2,'like','Nguyễn Văn An đã thích bài viết của bạn',0,'2024-09-01 17:15:00'),(39,18,'like','Nguyễn Văn An đã thích bài viết của bạn',1,'2025-05-13 14:13:00'),(40,20,'like','Trần Thị Bình đã thích bài viết của bạn',1,'2025-07-13 09:26:00'),(41,9,'like','Trần Thị Bình đã thích bài viết của bạn',1,'2025-10-28 00:48:00'),(42,8,'like','Trần Thị Bình đã thích bài viết của bạn',1,'2025-06-26 12:30:00'),(43,22,'like','Trần Thị Bình đã thích bài viết của bạn',0,'2024-12-26 18:16:00'),(44,1,'like','Trần Thị Bình đã thích bài viết của bạn',1,'2025-11-18 11:03:00'),(45,23,'like','Trần Thị Bình đã thích bài viết của bạn',0,'2025-07-08 16:13:00'),(46,7,'like','Lê Minh Chi đã thích bài viết của bạn',1,'2024-04-15 20:40:00'),(47,23,'like','Lê Minh Chi đã thích bài viết của bạn',0,'2024-04-06 12:16:00'),(48,9,'like','Lê Minh Chi đã thích bài viết của bạn',1,'2025-08-27 08:27:00'),(49,18,'like','Lê Minh Chi đã thích bài viết của bạn',0,'2024-11-09 11:51:00'),(50,2,'like','Lê Minh Chi đã thích bài viết của bạn',1,'2024-09-01 17:55:00'),(51,2,'like','Lê Minh Chi đã thích bài viết của bạn',1,'2024-02-23 10:07:00'),(52,18,'like','Lê Minh Chi đã thích bài viết của bạn',1,'2025-05-13 14:49:00'),(53,3,'like','Phạm Quốc Duy đã thích bài viết của bạn',0,'2024-01-27 17:23:00'),(54,2,'like','Phạm Quốc Duy đã thích bài viết của bạn',0,'2024-09-08 11:24:00'),(55,20,'like','Phạm Quốc Duy đã thích bài viết của bạn',1,'2025-07-13 10:17:00'),(56,7,'like','Phạm Quốc Duy đã thích bài viết của bạn',1,'2025-03-09 16:32:00'),(57,8,'like','Phạm Quốc Duy đã thích bài viết của bạn',0,'2025-06-02 22:55:00'),(58,23,'like','Phạm Quốc Duy đã thích bài viết của bạn',1,'2025-03-06 11:45:00'),(59,8,'like','Phạm Quốc Duy đã thích bài viết của bạn',0,'2025-06-26 13:20:00'),(60,22,'like','Phạm Quốc Duy đã thích bài viết của bạn',1,'2024-12-26 18:59:00'),(61,12,'like','Phạm Quốc Duy đã thích bài viết của bạn',1,'2025-01-02 16:14:00'),(62,23,'like','Phạm Quốc Duy đã thích bài viết của bạn',1,'2025-07-08 16:49:00'),(63,3,'like','Vũ Thu Hà đã thích bài viết của bạn',0,'2024-01-27 17:56:00'),(64,2,'like','Vũ Thu Hà đã thích bài viết của bạn',1,'2024-09-08 11:59:00'),(65,7,'like','Vũ Thu Hà đã thích bài viết của bạn',1,'2024-04-15 21:07:00'),(66,20,'like','Vũ Thu Hà đã thích bài viết của bạn',0,'2025-07-13 09:38:00'),(67,23,'like','Vũ Thu Hà đã thích bài viết của bạn',0,'2024-04-06 12:49:00'),(68,9,'like','Vũ Thu Hà đã thích bài viết của bạn',0,'2025-10-28 01:26:00'),(69,9,'like','Vũ Thu Hà đã thích bài viết của bạn',1,'2025-08-27 09:14:00'),(70,18,'like','Vũ Thu Hà đã thích bài viết của bạn',1,'2024-11-09 12:43:00'),(71,1,'like','Vũ Thu Hà đã thích bài viết của bạn',1,'2025-11-18 11:55:00'),(72,2,'like','Vũ Thu Hà đã thích bài viết của bạn',0,'2024-09-01 18:41:00'),(73,18,'like','Vũ Thu Hà đã thích bài viết của bạn',1,'2025-05-13 15:33:00'),(74,3,'like','Đặng Hữu Hiếu đã thích bài viết của bạn',0,'2024-01-27 18:19:00'),(75,2,'like','Đặng Hữu Hiếu đã thích bài viết của bạn',1,'2024-09-08 12:14:00'),(76,20,'like','Đặng Hữu Hiếu đã thích bài viết của bạn',0,'2025-07-13 11:04:00'),(77,8,'like','Đặng Hữu Hiếu đã thích bài viết của bạn',1,'2025-06-02 23:43:00'),(78,23,'like','Đặng Hữu Hiếu đã thích bài viết của bạn',1,'2025-03-06 12:47:00'),(79,8,'like','Đặng Hữu Hiếu đã thích bài viết của bạn',0,'2025-06-26 14:14:00'),(80,22,'like','Đặng Hữu Hiếu đã thích bài viết của bạn',0,'2024-12-26 19:49:00'),(81,12,'like','Đặng Hữu Hiếu đã thích bài viết của bạn',1,'2025-01-02 16:52:00'),(82,2,'like','Đặng Hữu Hiếu đã thích bài viết của bạn',1,'2024-02-23 11:01:00'),(83,23,'like','Đặng Hữu Hiếu đã thích bài viết của bạn',1,'2025-07-08 17:42:00'),(84,3,'like','Ngô Mai Hoa đã thích bài viết của bạn',1,'2024-01-27 18:31:00'),(85,9,'like','Ngô Mai Hoa đã thích bài viết của bạn',1,'2025-10-28 02:11:00'),(86,9,'like','Ngô Mai Hoa đã thích bài viết của bạn',0,'2025-08-27 09:45:00'),(87,18,'like','Ngô Mai Hoa đã thích bài viết của bạn',1,'2024-11-09 13:34:00'),(88,1,'like','Ngô Mai Hoa đã thích bài viết của bạn',0,'2025-11-18 12:45:00'),(89,2,'like','Ngô Mai Hoa đã thích bài viết của bạn',1,'2024-09-01 19:28:00'),(90,3,'like','Bùi Khánh Linh đã thích bài viết của bạn',0,'2024-01-27 19:34:00'),(91,20,'like','Bùi Khánh Linh đã thích bài viết của bạn',1,'2025-07-13 11:35:00'),(92,23,'like','Bùi Khánh Linh đã thích bài viết của bạn',0,'2024-04-06 13:30:00'),(93,23,'like','Bùi Khánh Linh đã thích bài viết của bạn',0,'2025-03-06 13:21:00'),(94,22,'like','Bùi Khánh Linh đã thích bài viết của bạn',0,'2024-12-26 20:32:00'),(95,12,'like','Bùi Khánh Linh đã thích bài viết của bạn',0,'2025-01-02 17:42:00'),(96,2,'like','Bùi Khánh Linh đã thích bài viết của bạn',0,'2024-02-23 11:32:00'),(97,23,'like','Bùi Khánh Linh đã thích bài viết của bạn',0,'2025-07-08 18:15:00'),(98,18,'like','Bùi Khánh Linh đã thích bài viết của bạn',1,'2025-05-13 16:24:00'),(99,3,'like','Hoàng Đức Lâm đã thích bài viết của bạn',0,'2024-01-27 19:31:00'),(100,2,'like','Hoàng Đức Lâm đã thích bài viết của bạn',0,'2024-09-08 13:30:00'),(101,7,'like','Hoàng Đức Lâm đã thích bài viết của bạn',0,'2024-04-15 22:31:00'),(102,20,'like','Hoàng Đức Lâm đã thích bài viết của bạn',0,'2025-07-13 10:52:00'),(103,7,'like','Hoàng Đức Lâm đã thích bài viết của bạn',0,'2025-03-09 17:56:00'),(104,8,'like','Hoàng Đức Lâm đã thích bài viết của bạn',1,'2025-06-03 00:21:00'),(105,18,'like','Hoàng Đức Lâm đã thích bài viết của bạn',1,'2024-11-09 14:04:00'),(106,1,'like','Hoàng Đức Lâm đã thích bài viết của bạn',1,'2025-11-18 13:16:00'),(107,2,'like','Hoàng Đức Lâm đã thích bài viết của bạn',1,'2024-09-01 20:02:00'),(108,18,'like','Hoàng Đức Lâm đã thích bài viết của bạn',1,'2025-05-13 17:01:00'),(109,3,'like','Phan Mỹ Linh đã thích bài viết của bạn',0,'2024-01-28 09:00:00'),(110,2,'like','Phan Mỹ Linh đã thích bài viết của bạn',0,'2024-09-08 13:16:00'),(111,20,'like','Phan Mỹ Linh đã thích bài viết của bạn',1,'2025-07-13 12:23:00'),(112,23,'like','Phan Mỹ Linh đã thích bài viết của bạn',0,'2024-04-06 14:31:00'),(113,9,'like','Phan Mỹ Linh đã thích bài viết của bạn',1,'2025-10-28 02:47:00'),(114,23,'like','Phan Mỹ Linh đã thích bài viết của bạn',0,'2025-03-06 14:13:00'),(115,8,'like','Phan Mỹ Linh đã thích bài viết của bạn',0,'2025-06-26 15:43:00'),(116,22,'like','Phan Mỹ Linh đã thích bài viết của bạn',0,'2024-12-26 21:01:00'),(117,12,'like','Phan Mỹ Linh đã thích bài viết của bạn',0,'2025-01-02 18:33:00'),(118,2,'like','Phan Mỹ Linh đã thích bài viết của bạn',1,'2024-02-23 12:16:00'),(119,23,'like','Phan Mỹ Linh đã thích bài viết của bạn',1,'2025-07-08 19:00:00'),(120,18,'like','Phan Mỹ Linh đã thích bài viết của bạn',0,'2025-05-13 18:04:00'),(121,3,'like','Nguyễn Minh đã thích bài viết của bạn',0,'2024-01-27 20:06:00'),(122,7,'like','Nguyễn Minh đã thích bài viết của bạn',1,'2024-04-15 23:11:00'),(123,7,'like','Nguyễn Minh đã thích bài viết của bạn',1,'2025-03-09 18:40:00'),(124,8,'like','Nguyễn Minh đã thích bài viết của bạn',1,'2025-06-03 01:10:00'),(125,9,'like','Nguyễn Minh đã thích bài viết của bạn',0,'2025-08-27 11:18:00'),(126,1,'like','Nguyễn Minh đã thích bài viết của bạn',0,'2025-11-18 14:11:00'),(127,2,'like','Nguyễn Minh đã thích bài viết của bạn',1,'2024-09-01 20:47:00'),(128,18,'like','Nguyễn Minh đã thích bài viết của bạn',1,'2025-05-13 18:36:00'),(129,2,'like','Trần Quốc Nam đã thích bài viết của bạn',1,'2024-09-08 15:18:00'),(130,20,'like','Trần Quốc Nam đã thích bài viết của bạn',0,'2025-07-13 13:18:00'),(131,23,'like','Trần Quốc Nam đã thích bài viết của bạn',1,'2024-04-06 15:04:00'),(132,9,'like','Trần Quốc Nam đã thích bài viết của bạn',0,'2025-10-28 03:42:00'),(133,23,'like','Trần Quốc Nam đã thích bài viết của bạn',0,'2025-03-06 15:00:00'),(134,22,'like','Trần Quốc Nam đã thích bài viết của bạn',1,'2024-12-26 21:55:00'),(135,23,'like','Trần Quốc Nam đã thích bài viết của bạn',1,'2025-07-08 19:57:00'),(136,18,'like','Trần Quốc Nam đã thích bài viết của bạn',0,'2025-05-13 19:20:00'),(137,3,'like','Lý Thúy Nga đã thích bài viết của bạn',1,'2024-01-28 09:32:00'),(138,7,'like','Lý Thúy Nga đã thích bài viết của bạn',1,'2024-04-16 10:20:00'),(139,20,'like','Lý Thúy Nga đã thích bài viết của bạn',1,'2025-07-13 12:09:00'),(140,7,'like','Lý Thúy Nga đã thích bài viết của bạn',0,'2025-03-09 19:17:00'),(141,8,'like','Lý Thúy Nga đã thích bài viết của bạn',1,'2025-06-03 02:02:00'),(142,9,'like','Lý Thúy Nga đã thích bài viết của bạn',0,'2025-08-27 12:12:00'),(143,2,'like','Lý Thúy Nga đã thích bài viết của bạn',1,'2024-09-01 21:47:00'),(144,2,'like','Lý Thúy Nga đã thích bài viết của bạn',0,'2024-02-23 13:10:00'),(145,18,'like','Lý Thúy Nga đã thích bài viết của bạn',1,'2025-05-13 20:11:00'),(146,2,'like','Đỗ Hoàng Nhân đã thích bài viết của bạn',0,'2024-09-08 15:40:00'),(147,7,'like','Đỗ Hoàng Nhân đã thích bài viết của bạn',0,'2024-04-16 09:35:00'),(148,20,'like','Đỗ Hoàng Nhân đã thích bài viết của bạn',1,'2025-07-13 14:06:00'),(149,23,'like','Đỗ Hoàng Nhân đã thích bài viết của bạn',0,'2024-04-06 15:46:00'),(150,9,'like','Đỗ Hoàng Nhân đã thích bài viết của bạn',1,'2025-10-28 04:31:00'),(151,23,'like','Đỗ Hoàng Nhân đã thích bài viết của bạn',1,'2025-03-06 15:44:00'),(152,22,'like','Đỗ Hoàng Nhân đã thích bài viết của bạn',1,'2024-12-26 22:42:00'),(153,23,'like','Đỗ Hoàng Nhân đã thích bài viết của bạn',1,'2025-07-08 20:47:00'),(154,3,'like','Tạ Kim Phương đã thích bài viết của bạn',0,'2024-01-28 10:25:00'),(155,2,'like','Tạ Kim Phương đã thích bài viết của bạn',1,'2024-09-08 16:49:00'),(156,7,'like','Tạ Kim Phương đã thích bài viết của bạn',0,'2024-04-16 11:41:00'),(157,8,'like','Tạ Kim Phương đã thích bài viết của bạn',1,'2025-06-03 02:42:00'),(158,9,'like','Tạ Kim Phương đã thích bài viết của bạn',0,'2025-08-27 12:55:00'),(159,2,'like','Tạ Kim Phương đã thích bài viết của bạn',0,'2024-09-01 22:22:00'),(160,18,'like','Tạ Kim Phương đã thích bài viết của bạn',0,'2025-05-13 20:45:00'),(161,2,'like','Lê Quang đã thích bài viết của bạn',0,'2024-09-08 17:03:00'),(162,20,'like','Lê Quang đã thích bài viết của bạn',0,'2025-07-13 15:01:00'),(163,23,'like','Lê Quang đã thích bài viết của bạn',0,'2024-04-06 16:43:00'),(164,9,'like','Lê Quang đã thích bài viết của bạn',0,'2025-10-28 05:00:00'),(165,23,'like','Lê Quang đã thích bài viết của bạn',0,'2025-03-06 16:17:00'),(166,22,'like','Lê Quang đã thích bài viết của bạn',0,'2024-12-26 23:15:00'),(167,23,'like','Lê Quang đã thích bài viết của bạn',0,'2025-07-08 21:25:00'),(168,3,'like','Nguyễn Thành Sơn đã thích bài viết của bạn',1,'2024-01-28 11:19:00'),(169,7,'like','Nguyễn Thành Sơn đã thích bài viết của bạn',1,'2024-04-16 12:55:00'),(170,20,'like','Nguyễn Thành Sơn đã thích bài viết của bạn',1,'2025-07-13 13:42:00'),(171,7,'like','Nguyễn Thành Sơn đã thích bài viết của bạn',0,'2025-03-09 20:04:00'),(172,8,'like','Nguyễn Thành Sơn đã thích bài viết của bạn',1,'2025-06-03 03:31:00'),(173,9,'like','Nguyễn Thành Sơn đã thích bài viết của bạn',1,'2025-08-27 13:44:00'),(174,2,'like','Nguyễn Thành Sơn đã thích bài viết của bạn',1,'2024-09-01 23:10:00'),(175,2,'like','Trần Thảo đã thích bài viết của bạn',0,'2024-09-08 18:10:00'),(176,7,'like','Trần Thảo đã thích bài viết của bạn',0,'2024-04-16 11:07:00'),(177,20,'like','Trần Thảo đã thích bài viết của bạn',1,'2025-07-13 16:04:00'),(178,23,'like','Trần Thảo đã thích bài viết của bạn',0,'2024-04-06 17:20:00'),(179,9,'like','Trần Thảo đã thích bài viết của bạn',1,'2025-10-28 05:47:00'),(180,23,'like','Trần Thảo đã thích bài viết của bạn',0,'2025-03-06 17:00:00'),(181,22,'like','Trần Thảo đã thích bài viết của bạn',0,'2024-12-27 00:17:00'),(182,23,'like','Trần Thảo đã thích bài viết của bạn',1,'2025-07-08 22:15:00'),(183,3,'like','Phạm Thu Trang đã thích bài viết của bạn',0,'2024-01-28 12:03:00'),(184,7,'like','Phạm Thu Trang đã thích bài viết của bạn',1,'2024-04-16 14:15:00'),(185,7,'like','Phạm Thu Trang đã thích bài viết của bạn',0,'2025-03-09 20:56:00'),(186,8,'like','Phạm Thu Trang đã thích bài viết của bạn',1,'2025-06-03 04:11:00'),(187,9,'like','Phạm Thu Trang đã thích bài viết của bạn',1,'2025-08-27 14:23:00'),(188,2,'like','Phạm Thu Trang đã thích bài viết của bạn',1,'2024-09-01 23:45:00'),(189,2,'like','Đinh Minh Tuấn đã thích bài viết của bạn',0,'2024-09-08 19:32:00'),(190,23,'like','Đinh Minh Tuấn đã thích bài viết của bạn',1,'2024-04-06 18:02:00'),(191,9,'like','Đinh Minh Tuấn đã thích bài viết của bạn',0,'2025-10-28 06:43:00'),(192,23,'like','Đinh Minh Tuấn đã thích bài viết của bạn',1,'2025-03-06 17:46:00'),(193,22,'like','Đinh Minh Tuấn đã thích bài viết của bạn',1,'2024-12-27 00:51:00'),(194,23,'like','Đinh Minh Tuấn đã thích bài viết của bạn',1,'2025-07-08 22:50:00'),(195,20,'like','Hoàng Tuấn Dũng đã thích bài viết của bạn',1,'2025-07-13 15:00:00'),(196,7,'like','Hoàng Tuấn Dũng đã thích bài viết của bạn',1,'2025-03-09 21:37:00'),(197,8,'like','Hoàng Tuấn Dũng đã thích bài viết của bạn',0,'2025-06-03 04:59:00'),(198,9,'like','Hoàng Tuấn Dũng đã thích bài viết của bạn',0,'2025-08-27 15:13:00'),(199,2,'like','Phạm Hải Yến đã thích bài viết của bạn',1,'2024-09-08 20:46:00'),(200,23,'like','Phạm Hải Yến đã thích bài viết của bạn',0,'2024-04-06 18:51:00'),(201,9,'like','Phạm Hải Yến đã thích bài viết của bạn',0,'2025-10-28 07:28:00'),(202,7,'like','Lê Văn Thành đã thích bài viết của bạn',0,'2024-04-16 15:39:00'),(203,7,'like','Lê Văn Thành đã thích bài viết của bạn',1,'2025-03-09 22:29:00'),(287,5,'friend','Nguyễn Văn An đã chấp nhận lời mời kết bạn',1,'2026-01-09 16:53:40'),(288,8,'friend','Nguyễn Văn An đã chấp nhận lời mời kết bạn',1,'2026-01-09 16:53:40'),(289,11,'friend','Nguyễn Văn An đã chấp nhận lời mời kết bạn',1,'2026-01-09 16:53:40'),(290,13,'friend','Nguyễn Văn An đã chấp nhận lời mời kết bạn',1,'2026-01-09 16:53:40'),(291,14,'friend','Nguyễn Văn An đã chấp nhận lời mời kết bạn',1,'2026-01-09 16:53:40'),(292,15,'friend','Nguyễn Văn An đã gửi lời mời kết bạn',1,'2026-01-09 16:53:40'),(293,17,'friend','Nguyễn Văn An đã gửi lời mời kết bạn',1,'2026-01-09 16:53:40'),(294,18,'friend','Nguyễn Văn An đã gửi lời mời kết bạn',1,'2026-01-09 16:53:40'),(295,20,'friend','Nguyễn Văn An đã chấp nhận lời mời kết bạn',1,'2026-01-09 16:53:40'),(296,22,'friend','Nguyễn Văn An đã chấp nhận lời mời kết bạn',1,'2026-01-09 16:53:40'),(297,24,'friend','Nguyễn Văn An đã chấp nhận lời mời kết bạn',1,'2026-01-09 16:53:40'),(298,6,'friend','Trần Thị Bình đã chấp nhận lời mời kết bạn',1,'2026-01-09 16:53:40'),(299,9,'friend','Trần Thị Bình đã gửi lời mời kết bạn',1,'2026-01-09 16:53:40'),(300,12,'friend','Trần Thị Bình đã chấp nhận lời mời kết bạn',1,'2026-01-09 16:53:40'),(301,14,'friend','Trần Thị Bình đã chấp nhận lời mời kết bạn',1,'2026-01-09 16:53:40'),(302,15,'friend','Trần Thị Bình đã chấp nhận lời mời kết bạn',1,'2026-01-09 16:53:40'),(303,16,'friend','Trần Thị Bình đã chấp nhận lời mời kết bạn',1,'2026-01-09 16:53:40'),(304,19,'friend','Trần Thị Bình đã chấp nhận lời mời kết bạn',1,'2026-01-09 16:53:40'),(305,21,'friend','Trần Thị Bình đã gửi lời mời kết bạn',1,'2026-01-09 16:53:40'),(306,23,'friend','Trần Thị Bình đã chấp nhận lời mời kết bạn',1,'2026-01-09 16:53:40'),(307,25,'friend','Trần Thị Bình đã chấp nhận lời mời kết bạn',1,'2026-01-09 16:53:40'),(308,2,'friend','Lê Minh Chi đã chấp nhận lời mời kết bạn',1,'2026-01-09 16:53:40'),(309,7,'friend','Lê Minh Chi đã chấp nhận lời mời kết bạn',1,'2026-01-09 16:53:40'),(310,10,'friend','Lê Minh Chi đã chấp nhận lời mời kết bạn',1,'2026-01-09 16:53:40'),(311,13,'friend','Lê Minh Chi đã chấp nhận lời mời kết bạn',1,'2026-01-09 16:53:40'),(312,15,'friend','Lê Minh Chi đã chấp nhận lời mời kết bạn',1,'2026-01-09 16:53:40'),(313,18,'friend','Lê Minh Chi đã chấp nhận lời mời kết bạn',1,'2026-01-09 16:53:40'),(314,20,'friend','Lê Minh Chi đã gửi lời mời kết bạn',1,'2026-01-09 16:53:40'),(315,24,'friend','Lê Minh Chi đã chấp nhận lời mời kết bạn',1,'2026-01-09 16:53:40'),(316,3,'friend','Phạm Quốc Duy đã chấp nhận lời mời kết bạn',1,'2026-01-09 16:53:40'),(317,6,'friend','Phạm Quốc Duy đã gửi lời mời kết bạn',1,'2026-01-09 16:53:40'),(318,11,'friend','Phạm Quốc Duy đã gửi lời mời kết bạn',1,'2026-01-09 16:53:40'),(319,14,'friend','Phạm Quốc Duy đã gửi lời mời kết bạn',1,'2026-01-09 16:53:40'),(320,17,'friend','Phạm Quốc Duy đã chấp nhận lời mời kết bạn',1,'2026-01-09 16:53:40'),(321,19,'friend','Phạm Quốc Duy đã gửi lời mời kết bạn',1,'2026-01-09 16:53:40'),(322,21,'friend','Phạm Quốc Duy đã chấp nhận lời mời kết bạn',1,'2026-01-09 16:53:40'),(323,23,'friend','Phạm Quốc Duy đã gửi lời mời kết bạn',1,'2026-01-09 16:53:40'),(324,25,'friend','Phạm Quốc Duy đã chấp nhận lời mời kết bạn',1,'2026-01-09 16:53:40'),(325,2,'friend','Vũ Thu Hà đã chấp nhận lời mời kết bạn',1,'2026-01-09 16:53:40'),(326,4,'friend','Vũ Thu Hà đã gửi lời mời kết bạn',1,'2026-01-09 16:53:40'),(327,7,'friend','Vũ Thu Hà đã chấp nhận lời mời kết bạn',1,'2026-01-09 16:53:40'),(328,9,'friend','Vũ Thu Hà đã chấp nhận lời mời kết bạn',1,'2026-01-09 16:53:40'),(329,12,'friend','Vũ Thu Hà đã gửi lời mời kết bạn',1,'2026-01-09 16:53:40'),(330,16,'friend','Vũ Thu Hà đã chấp nhận lời mời kết bạn',1,'2026-01-09 16:53:40'),(331,18,'friend','Vũ Thu Hà đã chấp nhận lời mời kết bạn',1,'2026-01-09 16:53:40'),(332,20,'friend','Vũ Thu Hà đã chấp nhận lời mời kết bạn',1,'2026-01-09 16:53:40'),(333,22,'friend','Vũ Thu Hà đã chấp nhận lời mời kết bạn',1,'2026-01-09 16:53:40'),(334,25,'friend','Vũ Thu Hà đã gửi lời mời kết bạn',1,'2026-01-09 16:53:40'),(335,1,'friend','Đặng Hữu Hiếu đã chấp nhận lời mời kết bạn',1,'2026-01-09 16:53:40'),(336,2,'friend','Đặng Hữu Hiếu đã gửi lời mời kết bạn',1,'2026-01-09 16:53:40'),(337,3,'friend','Đặng Hữu Hiếu đã chấp nhận lời mời kết bạn',1,'2026-01-09 16:53:40'),(338,5,'friend','Đặng Hữu Hiếu đã chấp nhận lời mời kết bạn',1,'2026-01-09 16:53:40'),(339,8,'friend','Đặng Hữu Hiếu đã chấp nhận lời mời kết bạn',1,'2026-01-09 16:53:40'),(340,11,'friend','Đặng Hữu Hiếu đã chấp nhận lời mời kết bạn',1,'2026-01-09 16:53:40'),(341,15,'friend','Đặng Hữu Hiếu đã chấp nhận lời mời kết bạn',1,'2026-01-09 16:53:40'),(342,17,'friend','Đặng Hữu Hiếu đã chấp nhận lời mời kết bạn',1,'2026-01-09 16:53:40'),(343,19,'friend','Đặng Hữu Hiếu đã chấp nhận lời mời kết bạn',1,'2026-01-09 16:53:40'),(344,21,'friend','Đặng Hữu Hiếu đã gửi lời mời kết bạn',1,'2026-01-09 16:53:40'),(345,23,'friend','Đặng Hữu Hiếu đã chấp nhận lời mời kết bạn',1,'2026-01-09 16:53:40'),(346,1,'friend','Ngô Mai Hoa đã chấp nhận lời mời kết bạn',1,'2026-01-09 16:53:40'),(347,2,'friend','Ngô Mai Hoa đã gửi lời mời kết bạn',1,'2026-01-09 16:53:40'),(348,3,'friend','Ngô Mai Hoa đã chấp nhận lời mời kết bạn',1,'2026-01-09 16:53:40'),(349,4,'friend','Ngô Mai Hoa đã chấp nhận lời mời kết bạn',1,'2026-01-09 16:53:40'),(350,9,'friend','Ngô Mai Hoa đã chấp nhận lời mời kết bạn',1,'2026-01-09 16:53:40'),(351,12,'friend','Ngô Mai Hoa đã chấp nhận lời mời kết bạn',1,'2026-01-09 16:53:40'),(352,14,'friend','Ngô Mai Hoa đã chấp nhận lời mời kết bạn',1,'2026-01-09 16:53:40'),(353,16,'friend','Ngô Mai Hoa đã gửi lời mời kết bạn',1,'2026-01-09 16:53:40'),(354,18,'friend','Ngô Mai Hoa đã gửi lời mời kết bạn',1,'2026-01-09 16:53:40'),(355,21,'friend','Ngô Mai Hoa đã chấp nhận lời mời kết bạn',1,'2026-01-09 16:53:40'),(356,24,'friend','Ngô Mai Hoa đã gửi lời mời kết bạn',1,'2026-01-09 16:53:40'),(357,1,'friend','Bùi Khánh Linh đã chấp nhận lời mời kết bạn',1,'2026-01-09 16:53:40'),(358,3,'friend','Bùi Khánh Linh đã gửi lời mời kết bạn',1,'2026-01-09 16:53:40'),(359,4,'friend','Bùi Khánh Linh đã chấp nhận lời mời kết bạn',1,'2026-01-09 16:53:40'),(360,5,'friend','Bùi Khánh Linh đã chấp nhận lời mời kết bạn',1,'2026-01-09 16:53:40'),(361,7,'friend','Bùi Khánh Linh đã chấp nhận lời mời kết bạn',1,'2026-01-09 16:53:40'),(362,10,'friend','Bùi Khánh Linh đã gửi lời mời kết bạn',1,'2026-01-09 16:53:40'),(363,13,'friend','Bùi Khánh Linh đã gửi lời mời kết bạn',1,'2026-01-09 16:53:40'),(364,15,'friend','Bùi Khánh Linh đã gửi lời mời kết bạn',1,'2026-01-09 16:53:40'),(365,17,'friend','Bùi Khánh Linh đã gửi lời mời kết bạn',1,'2026-01-09 16:53:40'),(366,20,'friend','Bùi Khánh Linh đã chấp nhận lời mời kết bạn',1,'2026-01-09 16:53:40'),(367,22,'friend','Bùi Khánh Linh đã gửi lời mời kết bạn',1,'2026-01-09 16:53:40'),(368,25,'friend','Bùi Khánh Linh đã chấp nhận lời mời kết bạn',1,'2026-01-09 16:53:40'),(369,1,'friend','Hoàng Đức Lâm đã gửi lời mời kết bạn',1,'2026-01-09 16:53:40'),(370,2,'friend','Hoàng Đức Lâm đã chấp nhận lời mời kết bạn',1,'2026-01-09 16:53:40'),(371,3,'friend','Hoàng Đức Lâm đã gửi lời mời kết bạn',1,'2026-01-09 16:53:40'),(372,4,'friend','Hoàng Đức Lâm đã chấp nhận lời mời kết bạn',1,'2026-01-09 16:53:40'),(373,5,'friend','Hoàng Đức Lâm đã chấp nhận lời mời kết bạn',1,'2026-01-09 16:53:40'),(374,6,'friend','Hoàng Đức Lâm đã chấp nhận lời mời kết bạn',1,'2026-01-09 16:53:40'),(375,11,'friend','Hoàng Đức Lâm đã chấp nhận lời mời kết bạn',1,'2026-01-09 16:53:40'),(376,14,'friend','Hoàng Đức Lâm đã chấp nhận lời mời kết bạn',1,'2026-01-09 16:53:40'),(377,16,'friend','Hoàng Đức Lâm đã chấp nhận lời mời kết bạn',1,'2026-01-09 16:53:40'),(378,19,'friend','Hoàng Đức Lâm đã chấp nhận lời mời kết bạn',1,'2026-01-09 16:53:40'),(379,22,'friend','Hoàng Đức Lâm đã chấp nhận lời mời kết bạn',1,'2026-01-09 16:53:40'),(380,24,'friend','Hoàng Đức Lâm đã chấp nhận lời mời kết bạn',1,'2026-01-09 16:53:40'),(381,1,'friend','Phan Mỹ Linh đã gửi lời mời kết bạn',1,'2026-01-09 16:53:40'),(382,2,'friend','Phan Mỹ Linh đã chấp nhận lời mời kết bạn',1,'2026-01-09 16:53:40'),(383,3,'friend','Phan Mỹ Linh đã chấp nhận lời mời kết bạn',1,'2026-01-09 16:53:40'),(384,4,'friend','Phan Mỹ Linh đã chấp nhận lời mời kết bạn',1,'2026-01-09 16:53:40'),(385,5,'friend','Phan Mỹ Linh đã chấp nhận lời mời kết bạn',1,'2026-01-09 16:53:40'),(386,6,'friend','Phan Mỹ Linh đã gửi lời mời kết bạn',1,'2026-01-09 16:53:40'),(387,7,'friend','Phan Mỹ Linh đã chấp nhận lời mời kết bạn',1,'2026-01-09 16:53:40'),(388,8,'friend','Phan Mỹ Linh đã gửi lời mời kết bạn',1,'2026-01-09 16:53:40'),(389,9,'friend','Phan Mỹ Linh đã chấp nhận lời mời kết bạn',1,'2026-01-09 16:53:40'),(390,13,'friend','Phan Mỹ Linh đã chấp nhận lời mời kết bạn',1,'2026-01-09 16:53:40'),(391,15,'friend','Phan Mỹ Linh đã chấp nhận lời mời kết bạn',1,'2026-01-09 16:53:40'),(392,18,'friend','Phan Mỹ Linh đã chấp nhận lời mời kết bạn',1,'2026-01-09 16:53:40'),(393,20,'friend','Phan Mỹ Linh đã gửi lời mời kết bạn',1,'2026-01-09 16:53:40'),(394,21,'friend','Phan Mỹ Linh đã chấp nhận lời mời kết bạn',1,'2026-01-09 16:53:40'),(395,23,'friend','Phan Mỹ Linh đã gửi lời mời kết bạn',1,'2026-01-09 16:53:40'),(396,25,'friend','Phan Mỹ Linh đã chấp nhận lời mời kết bạn',1,'2026-01-09 16:53:40'),(397,1,'friend','Nguyễn Minh đã chấp nhận lời mời kết bạn',1,'2026-01-09 16:53:40'),(398,2,'friend','Nguyễn Minh đã chấp nhận lời mời kết bạn',1,'2026-01-09 16:53:40'),(399,3,'friend','Nguyễn Minh đã chấp nhận lời mời kết bạn',1,'2026-01-09 16:53:40'),(400,4,'friend','Nguyễn Minh đã gửi lời mời kết bạn',1,'2026-01-09 16:53:40'),(401,5,'friend','Nguyễn Minh đã gửi lời mời kết bạn',1,'2026-01-09 16:53:40'),(402,6,'friend','Nguyễn Minh đã chấp nhận lời mời kết bạn',1,'2026-01-09 16:53:40'),(403,7,'friend','Nguyễn Minh đã chấp nhận lời mời kết bạn',1,'2026-01-09 16:53:40'),(404,8,'friend','Nguyễn Minh đã chấp nhận lời mời kết bạn',1,'2026-01-09 16:53:40'),(405,10,'friend','Nguyễn Minh đã gửi lời mời kết bạn',1,'2026-01-09 16:53:40'),(406,14,'friend','Nguyễn Minh đã gửi lời mời kết bạn',1,'2026-01-09 16:53:40'),(407,17,'friend','Nguyễn Minh đã chấp nhận lời mời kết bạn',1,'2026-01-09 16:53:40'),(408,19,'friend','Nguyễn Minh đã gửi lời mời kết bạn',1,'2026-01-09 16:53:40'),(409,22,'friend','Nguyễn Minh đã chấp nhận lời mời kết bạn',1,'2026-01-09 16:53:40'),(410,24,'friend','Nguyễn Minh đã chấp nhận lời mời kết bạn',1,'2026-01-09 16:53:40'),(411,25,'friend','Nguyễn Minh đã gửi lời mời kết bạn',1,'2026-01-09 16:53:40'),(412,1,'friend','Trần Quốc Nam đã chấp nhận lời mời kết bạn',1,'2026-01-09 16:53:40'),(413,2,'friend','Trần Quốc Nam đã chấp nhận lời mời kết bạn',1,'2026-01-09 16:53:40'),(414,3,'friend','Trần Quốc Nam đã chấp nhận lời mời kết bạn',1,'2026-01-09 16:53:40'),(415,4,'friend','Trần Quốc Nam đã gửi lời mời kết bạn',1,'2026-01-09 16:53:40'),(416,5,'friend','Trần Quốc Nam đã chấp nhận lời mời kết bạn',1,'2026-01-09 16:53:40'),(417,6,'friend','Trần Quốc Nam đã chấp nhận lời mời kết bạn',1,'2026-01-09 16:53:40'),(418,7,'friend','Trần Quốc Nam đã gửi lời mời kết bạn',1,'2026-01-09 16:53:40'),(419,8,'friend','Trần Quốc Nam đã gửi lời mời kết bạn',1,'2026-01-09 16:53:40'),(420,9,'friend','Trần Quốc Nam đã chấp nhận lời mời kết bạn',1,'2026-01-09 16:53:40'),(421,11,'friend','Trần Quốc Nam đã chấp nhận lời mời kết bạn',1,'2026-01-09 16:53:40'),(422,13,'friend','Trần Quốc Nam đã chấp nhận lời mời kết bạn',1,'2026-01-09 16:53:40'),(423,16,'friend','Trần Quốc Nam đã chấp nhận lời mời kết bạn',1,'2026-01-09 16:53:40'),(424,18,'friend','Trần Quốc Nam đã chấp nhận lời mời kết bạn',1,'2026-01-09 16:53:40'),(425,21,'friend','Trần Quốc Nam đã gửi lời mời kết bạn',1,'2026-01-09 16:53:40'),(426,23,'friend','Trần Quốc Nam đã chấp nhận lời mời kết bạn',1,'2026-01-09 16:53:40'),(427,1,'friend','Lý Thúy Nga đã chấp nhận lời mời kết bạn',1,'2026-01-09 16:53:40'),(428,2,'friend','Lý Thúy Nga đã chấp nhận lời mời kết bạn',1,'2026-01-09 16:53:40'),(429,3,'friend','Lý Thúy Nga đã gửi lời mời kết bạn',1,'2026-01-09 16:53:40'),(430,4,'friend','Lý Thúy Nga đã chấp nhận lời mời kết bạn',1,'2026-01-09 16:53:40'),(431,5,'friend','Lý Thúy Nga đã chấp nhận lời mời kết bạn',1,'2026-01-09 16:53:40'),(432,6,'friend','Lý Thúy Nga đã chấp nhận lời mời kết bạn',1,'2026-01-09 16:53:40'),(433,7,'friend','Lý Thúy Nga đã gửi lời mời kết bạn',1,'2026-01-09 16:53:40'),(434,8,'friend','Lý Thúy Nga đã chấp nhận lời mời kết bạn',1,'2026-01-09 16:53:40'),(435,9,'friend','Lý Thúy Nga đã chấp nhận lời mời kết bạn',1,'2026-01-09 16:53:40'),(436,10,'friend','Lý Thúy Nga đã chấp nhận lời mời kết bạn',1,'2026-01-09 16:53:40'),(437,12,'friend','Lý Thúy Nga đã gửi lời mời kết bạn',1,'2026-01-09 16:53:40'),(438,15,'friend','Lý Thúy Nga đã chấp nhận lời mời kết bạn',1,'2026-01-09 16:53:40'),(439,17,'friend','Lý Thúy Nga đã chấp nhận lời mời kết bạn',1,'2026-01-09 16:53:40'),(440,20,'friend','Lý Thúy Nga đã chấp nhận lời mời kết bạn',1,'2026-01-09 16:53:40'),(441,22,'friend','Lý Thúy Nga đã gửi lời mời kết bạn',1,'2026-01-09 16:53:40'),(442,24,'friend','Lý Thúy Nga đã gửi lời mời kết bạn',1,'2026-01-09 16:53:40'),(443,1,'friend','Đỗ Hoàng Nhân đã chấp nhận lời mời kết bạn',1,'2026-01-09 16:53:40'),(444,2,'friend','Đỗ Hoàng Nhân đã gửi lời mời kết bạn',1,'2026-01-09 16:53:40'),(445,3,'friend','Đỗ Hoàng Nhân đã chấp nhận lời mời kết bạn',1,'2026-01-09 16:53:40'),(446,5,'friend','Đỗ Hoàng Nhân đã gửi lời mời kết bạn',1,'2026-01-09 16:53:40'),(447,6,'friend','Đỗ Hoàng Nhân đã chấp nhận lời mời kết bạn',1,'2026-01-09 16:53:40'),(448,7,'friend','Đỗ Hoàng Nhân đã chấp nhận lời mời kết bạn',1,'2026-01-09 16:53:40'),(449,8,'friend','Đỗ Hoàng Nhân đã chấp nhận lời mời kết bạn',1,'2026-01-09 16:53:40'),(450,9,'friend','Đỗ Hoàng Nhân đã chấp nhận lời mời kết bạn',1,'2026-01-09 16:53:40'),(451,10,'friend','Đỗ Hoàng Nhân đã chấp nhận lời mời kết bạn',1,'2026-01-09 16:53:40'),(452,11,'friend','Đỗ Hoàng Nhân đã chấp nhận lời mời kết bạn',1,'2026-01-09 16:53:40'),(453,13,'friend','Đỗ Hoàng Nhân đã chấp nhận lời mời kết bạn',1,'2026-01-09 16:53:40'),(454,16,'friend','Đỗ Hoàng Nhân đã gửi lời mời kết bạn',1,'2026-01-09 16:53:40'),(455,19,'friend','Đỗ Hoàng Nhân đã chấp nhận lời mời kết bạn',1,'2026-01-09 16:53:40'),(456,21,'friend','Đỗ Hoàng Nhân đã chấp nhận lời mời kết bạn',1,'2026-01-09 16:53:40'),(457,24,'friend','Đỗ Hoàng Nhân đã chấp nhận lời mời kết bạn',1,'2026-01-09 16:53:40'),(458,1,'friend','Tạ Kim Phương đã gửi lời mời kết bạn',1,'2026-01-09 16:53:40'),(459,2,'friend','Tạ Kim Phương đã chấp nhận lời mời kết bạn',1,'2026-01-09 16:53:40'),(460,3,'friend','Tạ Kim Phương đã chấp nhận lời mời kết bạn',1,'2026-01-09 16:53:40'),(461,6,'friend','Tạ Kim Phương đã chấp nhận lời mời kết bạn',1,'2026-01-09 16:53:40'),(462,7,'friend','Tạ Kim Phương đã chấp nhận lời mời kết bạn',1,'2026-01-09 16:53:40'),(463,8,'friend','Tạ Kim Phương đã gửi lời mời kết bạn',1,'2026-01-09 16:53:40'),(464,9,'friend','Tạ Kim Phương đã gửi lời mời kết bạn',1,'2026-01-09 16:53:40'),(465,10,'friend','Tạ Kim Phương đã chấp nhận lời mời kết bạn',1,'2026-01-09 16:53:40'),(466,11,'friend','Tạ Kim Phương đã chấp nhận lời mời kết bạn',1,'2026-01-09 16:53:40'),(467,12,'friend','Tạ Kim Phương đã chấp nhận lời mời kết bạn',1,'2026-01-09 16:53:40'),(468,14,'friend','Tạ Kim Phương đã gửi lời mời kết bạn',1,'2026-01-09 16:53:40'),(469,18,'friend','Tạ Kim Phương đã gửi lời mời kết bạn',1,'2026-01-09 16:53:40'),(470,20,'friend','Tạ Kim Phương đã chấp nhận lời mời kết bạn',1,'2026-01-09 16:53:40'),(471,23,'friend','Tạ Kim Phương đã chấp nhận lời mời kết bạn',1,'2026-01-09 16:53:40'),(472,1,'friend','Lê Quang đã chấp nhận lời mời kết bạn',1,'2026-01-09 16:53:40'),(473,4,'friend','Lê Quang đã chấp nhận lời mời kết bạn',1,'2026-01-09 16:53:40'),(474,5,'friend','Lê Quang đã gửi lời mời kết bạn',1,'2026-01-09 16:53:40'),(475,7,'friend','Lê Quang đã chấp nhận lời mời kết bạn',1,'2026-01-09 16:53:40'),(476,8,'friend','Lê Quang đã chấp nhận lời mời kết bạn',1,'2026-01-09 16:53:40'),(477,9,'friend','Lê Quang đã chấp nhận lời mời kết bạn',1,'2026-01-09 16:53:40'),(478,10,'friend','Lê Quang đã chấp nhận lời mời kết bạn',1,'2026-01-09 16:53:40'),(479,11,'friend','Lê Quang đã gửi lời mời kết bạn',1,'2026-01-09 16:53:40'),(480,12,'friend','Lê Quang đã chấp nhận lời mời kết bạn',1,'2026-01-09 16:53:40'),(481,13,'friend','Lê Quang đã chấp nhận lời mời kết bạn',1,'2026-01-09 16:53:40'),(482,15,'friend','Lê Quang đã chấp nhận lời mời kết bạn',1,'2026-01-09 16:53:40'),(483,19,'friend','Lê Quang đã chấp nhận lời mời kết bạn',1,'2026-01-09 16:53:40'),(484,22,'friend','Lê Quang đã chấp nhận lời mời kết bạn',1,'2026-01-09 16:53:40'),(485,25,'friend','Lê Quang đã chấp nhận lời mời kết bạn',1,'2026-01-09 16:53:40'),(486,2,'friend','Nguyễn Thành Sơn đã chấp nhận lời mời kết bạn',1,'2026-01-09 16:53:40'),(487,4,'friend','Nguyễn Thành Sơn đã chấp nhận lời mời kết bạn',1,'2026-01-09 16:53:40'),(488,5,'friend','Nguyễn Thành Sơn đã chấp nhận lời mời kết bạn',1,'2026-01-09 16:53:40'),(489,6,'friend','Nguyễn Thành Sơn đã gửi lời mời kết bạn',1,'2026-01-09 16:53:40'),(490,8,'friend','Nguyễn Thành Sơn đã chấp nhận lời mời kết bạn',1,'2026-01-09 16:53:40'),(491,9,'friend','Nguyễn Thành Sơn đã chấp nhận lời mời kết bạn',1,'2026-01-09 16:53:40'),(492,10,'friend','Nguyễn Thành Sơn đã chấp nhận lời mời kết bạn',1,'2026-01-09 16:53:40'),(493,11,'friend','Nguyễn Thành Sơn đã gửi lời mời kết bạn',1,'2026-01-09 16:53:40'),(494,12,'friend','Nguyễn Thành Sơn đã chấp nhận lời mời kết bạn',1,'2026-01-09 16:53:40'),(495,13,'friend','Nguyễn Thành Sơn đã chấp nhận lời mời kết bạn',1,'2026-01-09 16:53:40'),(496,14,'friend','Nguyễn Thành Sơn đã chấp nhận lời mời kết bạn',1,'2026-01-09 16:53:40'),(497,16,'friend','Nguyễn Thành Sơn đã gửi lời mời kết bạn',1,'2026-01-09 16:53:40'),(498,20,'friend','Nguyễn Thành Sơn đã gửi lời mời kết bạn',1,'2026-01-09 16:53:40'),(499,23,'friend','Nguyễn Thành Sơn đã gửi lời mời kết bạn',1,'2026-01-09 16:53:40'),(500,1,'friend','Trần Thảo đã chấp nhận lời mời kết bạn',1,'2026-01-09 16:53:40'),(501,3,'friend','Trần Thảo đã chấp nhận lời mời kết bạn',1,'2026-01-09 16:53:40'),(502,5,'friend','Trần Thảo đã chấp nhận lời mời kết bạn',1,'2026-01-09 16:53:40'),(503,6,'friend','Trần Thảo đã gửi lời mời kết bạn',1,'2026-01-09 16:53:40'),(504,7,'friend','Trần Thảo đã gửi lời mời kết bạn',1,'2026-01-09 16:53:40'),(505,9,'friend','Trần Thảo đã gửi lời mời kết bạn',1,'2026-01-09 16:53:40'),(506,10,'friend','Trần Thảo đã gửi lời mời kết bạn',1,'2026-01-09 16:53:40'),(507,11,'friend','Trần Thảo đã chấp nhận lời mời kết bạn',1,'2026-01-09 16:53:40'),(508,12,'friend','Trần Thảo đã chấp nhận lời mời kết bạn',1,'2026-01-09 16:53:40'),(509,13,'friend','Trần Thảo đã chấp nhận lời mời kết bạn',1,'2026-01-09 16:53:40'),(510,14,'friend','Trần Thảo đã chấp nhận lời mời kết bạn',1,'2026-01-09 16:53:40'),(511,15,'friend','Trần Thảo đã chấp nhận lời mời kết bạn',1,'2026-01-09 16:53:40'),(512,17,'friend','Trần Thảo đã chấp nhận lời mời kết bạn',1,'2026-01-09 16:53:40'),(513,21,'friend','Trần Thảo đã chấp nhận lời mời kết bạn',1,'2026-01-09 16:53:40'),(514,23,'friend','Trần Thảo đã chấp nhận lời mời kết bạn',1,'2026-01-09 16:53:40'),(515,25,'friend','Trần Thảo đã chấp nhận lời mời kết bạn',1,'2026-01-09 16:53:40'),(516,2,'friend','Phạm Thu Trang đã gửi lời mời kết bạn',1,'2026-01-09 16:53:40'),(517,4,'friend','Phạm Thu Trang đã gửi lời mời kết bạn',1,'2026-01-09 16:53:40'),(518,6,'friend','Phạm Thu Trang đã chấp nhận lời mời kết bạn',1,'2026-01-09 16:53:40'),(519,7,'friend','Phạm Thu Trang đã chấp nhận lời mời kết bạn',1,'2026-01-09 16:53:40'),(520,8,'friend','Phạm Thu Trang đã gửi lời mời kết bạn',1,'2026-01-09 16:53:40'),(521,10,'friend','Phạm Thu Trang đã gửi lời mời kết bạn',1,'2026-01-09 16:53:40'),(522,11,'friend','Phạm Thu Trang đã chấp nhận lời mời kết bạn',1,'2026-01-09 16:53:40'),(523,12,'friend','Phạm Thu Trang đã chấp nhận lời mời kết bạn',1,'2026-01-09 16:53:40'),(524,13,'friend','Phạm Thu Trang đã gửi lời mời kết bạn',1,'2026-01-09 16:53:40'),(525,14,'friend','Phạm Thu Trang đã chấp nhận lời mời kết bạn',1,'2026-01-09 16:53:40'),(526,15,'friend','Phạm Thu Trang đã chấp nhận lời mời kết bạn',1,'2026-01-09 16:53:40'),(527,18,'friend','Phạm Thu Trang đã gửi lời mời kết bạn',1,'2026-01-09 16:53:40'),(528,22,'friend','Phạm Thu Trang đã chấp nhận lời mời kết bạn',1,'2026-01-09 16:53:40'),(529,24,'friend','Phạm Thu Trang đã chấp nhận lời mời kết bạn',1,'2026-01-09 16:53:40'),(530,1,'friend','Đinh Minh Tuấn đã gửi lời mời kết bạn',1,'2026-01-09 16:53:40'),(531,3,'friend','Đinh Minh Tuấn đã gửi lời mời kết bạn',1,'2026-01-09 16:53:40'),(532,5,'friend','Đinh Minh Tuấn đã chấp nhận lời mời kết bạn',1,'2026-01-09 16:53:40'),(533,7,'friend','Đinh Minh Tuấn đã chấp nhận lời mời kết bạn',1,'2026-01-09 16:53:40'),(534,8,'friend','Đinh Minh Tuấn đã chấp nhận lời mời kết bạn',1,'2026-01-09 16:53:40'),(535,9,'friend','Đinh Minh Tuấn đã gửi lời mời kết bạn',1,'2026-01-09 16:53:40'),(536,10,'friend','Đinh Minh Tuấn đã chấp nhận lời mời kết bạn',1,'2026-01-09 16:53:40'),(537,11,'friend','Đinh Minh Tuấn đã chấp nhận lời mời kết bạn',1,'2026-01-09 16:53:40'),(538,12,'friend','Đinh Minh Tuấn đã gửi lời mời kết bạn',1,'2026-01-09 16:53:40'),(539,13,'friend','Đinh Minh Tuấn đã gửi lời mời kết bạn',1,'2026-01-09 16:53:40'),(540,14,'friend','Đinh Minh Tuấn đã chấp nhận lời mời kết bạn',1,'2026-01-09 16:53:40'),(541,15,'friend','Đinh Minh Tuấn đã gửi lời mời kết bạn',1,'2026-01-09 16:53:40'),(542,16,'friend','Đinh Minh Tuấn đã chấp nhận lời mời kết bạn',1,'2026-01-09 16:53:40'),(543,19,'friend','Đinh Minh Tuấn đã chấp nhận lời mời kết bạn',1,'2026-01-09 16:53:40'),(544,22,'friend','Đinh Minh Tuấn đã gửi lời mời kết bạn',1,'2026-01-09 16:53:40'),(545,25,'friend','Đinh Minh Tuấn đã gửi lời mời kết bạn',1,'2026-01-09 16:53:40'),(546,2,'friend','Hoàng Tuấn Dũng đã chấp nhận lời mời kết bạn',1,'2026-01-09 16:53:40'),(547,4,'friend','Hoàng Tuấn Dũng đã chấp nhận lời mời kết bạn',1,'2026-01-09 16:53:40'),(548,6,'friend','Hoàng Tuấn Dũng đã chấp nhận lời mời kết bạn',1,'2026-01-09 16:53:40'),(549,8,'friend','Hoàng Tuấn Dũng đã chấp nhận lời mời kết bạn',1,'2026-01-09 16:53:40'),(550,9,'friend','Hoàng Tuấn Dũng đã chấp nhận lời mời kết bạn',1,'2026-01-09 16:53:40'),(551,10,'friend','Hoàng Tuấn Dũng đã chấp nhận lời mời kết bạn',1,'2026-01-09 16:53:40'),(552,12,'friend','Hoàng Tuấn Dũng đã chấp nhận lời mời kết bạn',1,'2026-01-09 16:53:40'),(553,13,'friend','Hoàng Tuấn Dũng đã chấp nhận lời mời kết bạn',1,'2026-01-09 16:53:40'),(554,14,'friend','Hoàng Tuấn Dũng đã chấp nhận lời mời kết bạn',1,'2026-01-09 16:53:40'),(555,15,'friend','Hoàng Tuấn Dũng đã gửi lời mời kết bạn',1,'2026-01-09 16:53:40'),(556,17,'friend','Hoàng Tuấn Dũng đã chấp nhận lời mời kết bạn',1,'2026-01-09 16:53:40'),(557,20,'friend','Hoàng Tuấn Dũng đã gửi lời mời kết bạn',1,'2026-01-09 16:53:40'),(558,23,'friend','Hoàng Tuấn Dũng đã chấp nhận lời mời kết bạn',1,'2026-01-09 16:53:40'),(559,1,'friend','Phạm Hải Yến đã chấp nhận lời mời kết bạn',1,'2026-01-09 16:53:40'),(560,3,'friend','Phạm Hải Yến đã chấp nhận lời mời kết bạn',1,'2026-01-09 16:53:40'),(561,5,'friend','Phạm Hải Yến đã gửi lời mời kết bạn',1,'2026-01-09 16:53:40'),(562,7,'friend','Phạm Hải Yến đã chấp nhận lời mời kết bạn',1,'2026-01-09 16:53:40'),(563,9,'friend','Phạm Hải Yến đã chấp nhận lời mời kết bạn',1,'2026-01-09 16:53:40'),(564,10,'friend','Phạm Hải Yến đã chấp nhận lời mời kết bạn',1,'2026-01-09 16:53:40'),(565,11,'friend','Phạm Hải Yến đã gửi lời mời kết bạn',1,'2026-01-09 16:53:40'),(566,13,'friend','Phạm Hải Yến đã chấp nhận lời mời kết bạn',1,'2026-01-09 16:53:40'),(567,14,'friend','Phạm Hải Yến đã gửi lời mời kết bạn',1,'2026-01-09 16:53:40'),(568,15,'friend','Phạm Hải Yến đã chấp nhận lời mời kết bạn',1,'2026-01-09 16:53:40'),(569,16,'friend','Phạm Hải Yến đã chấp nhận lời mời kết bạn',1,'2026-01-09 16:53:40'),(570,18,'friend','Phạm Hải Yến đã chấp nhận lời mời kết bạn',1,'2026-01-09 16:53:40'),(571,21,'friend','Phạm Hải Yến đã chấp nhận lời mời kết bạn',1,'2026-01-09 16:53:40'),(572,24,'friend','Phạm Hải Yến đã gửi lời mời kết bạn',1,'2026-01-09 16:53:40'),(573,2,'friend','Lê Văn Thành đã chấp nhận lời mời kết bạn',1,'2026-01-09 16:53:40'),(574,4,'friend','Lê Văn Thành đã chấp nhận lời mời kết bạn',1,'2026-01-09 16:53:40'),(575,6,'friend','Lê Văn Thành đã gửi lời mời kết bạn',1,'2026-01-09 16:53:40'),(576,8,'friend','Lê Văn Thành đã chấp nhận lời mời kết bạn',1,'2026-01-09 16:53:40'),(577,10,'friend','Lê Văn Thành đã gửi lời mời kết bạn',1,'2026-01-09 16:53:40'),(578,11,'friend','Lê Văn Thành đã chấp nhận lời mời kết bạn',1,'2026-01-09 16:53:40'),(579,12,'friend','Lê Văn Thành đã chấp nhận lời mời kết bạn',1,'2026-01-09 16:53:40'),(580,14,'friend','Lê Văn Thành đã gửi lời mời kết bạn',1,'2026-01-09 16:53:40'),(581,15,'friend','Lê Văn Thành đã chấp nhận lời mời kết bạn',1,'2026-01-09 16:53:40'),(582,17,'friend','Lê Văn Thành đã gửi lời mời kết bạn',1,'2026-01-09 16:53:40'),(583,19,'friend','Lê Văn Thành đã chấp nhận lời mời kết bạn',1,'2026-01-09 16:53:40'),(584,22,'friend','Lê Văn Thành đã gửi lời mời kết bạn',1,'2026-01-09 16:53:40'),(585,25,'friend','Lê Văn Thành đã chấp nhận lời mời kết bạn',1,'2026-01-09 16:53:40'),(586,1,'friend','Nguyễn Tuyết Mai đã chấp nhận lời mời kết bạn',1,'2026-01-09 16:53:40'),(587,3,'friend','Nguyễn Tuyết Mai đã chấp nhận lời mời kết bạn',1,'2026-01-09 16:53:40'),(588,5,'friend','Nguyễn Tuyết Mai đã chấp nhận lời mời kết bạn',1,'2026-01-09 16:53:40'),(589,7,'friend','Nguyễn Tuyết Mai đã gửi lời mời kết bạn',1,'2026-01-09 16:53:40'),(590,9,'friend','Nguyễn Tuyết Mai đã chấp nhận lời mời kết bạn',1,'2026-01-09 16:53:40'),(591,11,'friend','Nguyễn Tuyết Mai đã chấp nhận lời mời kết bạn',1,'2026-01-09 16:53:40'),(592,12,'friend','Nguyễn Tuyết Mai đã chấp nhận lời mời kết bạn',1,'2026-01-09 16:53:40'),(593,13,'friend','Nguyễn Tuyết Mai đã gửi lời mời kết bạn',1,'2026-01-09 16:53:40'),(594,15,'friend','Nguyễn Tuyết Mai đã chấp nhận lời mời kết bạn',1,'2026-01-09 16:53:40'),(595,16,'friend','Nguyễn Tuyết Mai đã gửi lời mời kết bạn',1,'2026-01-09 16:53:40'),(596,18,'friend','Nguyễn Tuyết Mai đã chấp nhận lời mời kết bạn',1,'2026-01-09 16:53:40'),(597,20,'friend','Nguyễn Tuyết Mai đã chấp nhận lời mời kết bạn',1,'2026-01-09 16:53:40'),(598,23,'friend','Nguyễn Tuyết Mai đã chấp nhận lời mời kết bạn',1,'2026-01-09 16:53:40'),(599,2,'friend','Trần Quang Vinh đã gửi lời mời kết bạn',1,'2026-01-09 16:53:40'),(600,4,'friend','Trần Quang Vinh đã gửi lời mời kết bạn',1,'2026-01-09 16:53:40'),(601,6,'friend','Trần Quang Vinh đã chấp nhận lời mời kết bạn',1,'2026-01-09 16:53:40'),(602,8,'friend','Trần Quang Vinh đã gửi lời mời kết bạn',1,'2026-01-09 16:53:40'),(603,10,'friend','Trần Quang Vinh đã chấp nhận lời mời kết bạn',1,'2026-01-09 16:53:40'),(604,12,'friend','Trần Quang Vinh đã gửi lời mời kết bạn',1,'2026-01-09 16:53:40'),(605,13,'friend','Trần Quang Vinh đã chấp nhận lời mời kết bạn',1,'2026-01-09 16:53:40'),(606,14,'friend','Trần Quang Vinh đã chấp nhận lời mời kết bạn',1,'2026-01-09 16:53:40'),(607,17,'friend','Trần Quang Vinh đã chấp nhận lời mời kết bạn',1,'2026-01-09 16:53:40'),(608,19,'friend','Trần Quang Vinh đã gửi lời mời kết bạn',1,'2026-01-09 16:53:40'),(609,21,'friend','Trần Quang Vinh đã chấp nhận lời mời kết bạn',1,'2026-01-09 16:53:40'),(610,24,'friend','Trần Quang Vinh đã gửi lời mời kết bạn',1,'2026-01-09 16:53:40'),(798,2,'message','Bạn có tin nhắn mới từ Nguyễn Văn An',0,'2024-01-16 09:15:00'),(799,5,'message','Bạn có tin nhắn mới từ Nguyễn Văn An',0,'2024-01-20 11:25:00'),(800,3,'message','Bạn có tin nhắn mới từ Nguyễn Văn An',0,'2024-03-20 10:10:00'),(801,1,'message','Bạn có tin nhắn mới từ Trần Thị Bình',0,'2024-01-16 09:30:00'),(802,25,'message','Bạn có tin nhắn mới từ Trần Thị Bình',0,'2024-07-01 10:20:00'),(803,4,'message','Bạn có tin nhắn mới từ Lê Minh Chi',0,'2024-01-18 14:20:00'),(804,1,'message','Bạn có tin nhắn mới từ Lê Minh Chi',0,'2024-03-20 10:25:00'),(805,3,'message','Bạn có tin nhắn mới từ Phạm Quốc Duy',0,'2024-01-18 14:35:00'),(806,6,'message','Bạn có tin nhắn mới từ Phạm Quốc Duy',0,'2024-04-01 16:40:00'),(807,1,'message','Bạn có tin nhắn mới từ Vũ Thu Hà',0,'2024-01-20 11:10:00'),(808,8,'message','Bạn có tin nhắn mới từ Vũ Thu Hà',0,'2024-04-10 23:50:00'),(809,7,'message','Bạn có tin nhắn mới từ Đặng Hữu Hiếu',0,'2024-01-22 16:40:00'),(810,4,'message','Bạn có tin nhắn mới từ Đặng Hữu Hiếu',0,'2024-04-01 16:55:00'),(811,6,'message','Bạn có tin nhắn mới từ Ngô Mai Hoa',0,'2024-01-22 17:00:00'),(812,10,'message','Bạn có tin nhắn mới từ Ngô Mai Hoa',0,'2024-04-15 20:30:00'),(813,9,'message','Bạn có tin nhắn mới từ Bùi Khánh Linh',0,'2024-01-25 10:50:00'),(814,5,'message','Bạn có tin nhắn mới từ Bùi Khánh Linh',0,'2024-04-11 00:05:00'),(815,8,'message','Bạn có tin nhắn mới từ Hoàng Đức Lâm',0,'2024-01-25 11:05:00'),(816,12,'message','Bạn có tin nhắn mới từ Hoàng Đức Lâm',0,'2024-04-20 09:15:00'),(817,11,'message','Bạn có tin nhắn mới từ Phan Mỹ Linh',0,'2024-02-01 13:15:00'),(818,7,'message','Bạn có tin nhắn mới từ Phan Mỹ Linh',0,'2024-04-15 20:45:00'),(819,10,'message','Bạn có tin nhắn mới từ Nguyễn Minh',0,'2024-02-01 13:30:00'),(820,14,'message','Bạn có tin nhắn mới từ Nguyễn Minh',0,'2024-05-01 18:20:00'),(821,13,'message','Bạn có tin nhắn mới từ Trần Quốc Nam',0,'2024-02-05 15:20:00'),(822,9,'message','Bạn có tin nhắn mới từ Trần Quốc Nam',0,'2024-04-20 09:30:00'),(823,12,'message','Bạn có tin nhắn mới từ Lý Thúy Nga',0,'2024-02-05 15:35:00'),(824,16,'message','Bạn có tin nhắn mới từ Lý Thúy Nga',0,'2024-05-10 11:40:00'),(825,15,'message','Bạn có tin nhắn mới từ Đỗ Hoàng Nhân',0,'2024-02-10 08:45:00'),(826,11,'message','Bạn có tin nhắn mới từ Đỗ Hoàng Nhân',0,'2024-05-01 18:35:00'),(827,14,'message','Bạn có tin nhắn mới từ Tạ Kim Phương',0,'2024-02-10 09:00:00'),(828,18,'message','Bạn có tin nhắn mới từ Tạ Kim Phương',0,'2024-05-20 21:10:00'),(829,17,'message','Bạn có tin nhắn mới từ Lê Quang',0,'2024-02-15 12:10:00'),(830,13,'message','Bạn có tin nhắn mới từ Lê Quang',0,'2024-05-10 11:55:00'),(831,16,'message','Bạn có tin nhắn mới từ Nguyễn Thành Sơn',0,'2024-02-15 12:25:00'),(832,20,'message','Bạn có tin nhắn mới từ Nguyễn Thành Sơn',0,'2024-06-01 08:15:00'),(833,19,'message','Bạn có tin nhắn mới từ Trần Thảo',0,'2024-02-20 18:30:00'),(834,15,'message','Bạn có tin nhắn mới từ Trần Thảo',0,'2024-05-20 21:25:00'),(835,18,'message','Bạn có tin nhắn mới từ Phạm Thu Trang',0,'2024-02-20 18:45:00'),(836,22,'message','Bạn có tin nhắn mới từ Phạm Thu Trang',0,'2024-06-10 19:45:00'),(837,21,'message','Bạn có tin nhắn mới từ Đinh Minh Tuấn',0,'2024-03-01 22:15:00'),(838,17,'message','Bạn có tin nhắn mới từ Đinh Minh Tuấn',0,'2024-06-01 08:30:00'),(839,20,'message','Bạn có tin nhắn mới từ Hoàng Tuấn Dũng',0,'2024-03-01 22:30:00'),(840,24,'message','Bạn có tin nhắn mới từ Hoàng Tuấn Dũng',0,'2024-06-20 23:30:00'),(841,23,'message','Bạn có tin nhắn mới từ Phạm Hải Yến',0,'2024-03-10 07:20:00'),(842,19,'message','Bạn có tin nhắn mới từ Phạm Hải Yến',0,'2024-06-10 20:00:00'),(843,22,'message','Bạn có tin nhắn mới từ Lê Văn Thành',0,'2024-03-10 07:35:00'),(844,25,'message','Bạn có tin nhắn mới từ Nguyễn Tuyết Mai',0,'2024-03-15 14:50:00'),(845,21,'message','Bạn có tin nhắn mới từ Nguyễn Tuyết Mai',0,'2024-06-20 23:45:00'),(846,24,'message','Bạn có tin nhắn mới từ Trần Quang Vinh',0,'2024-03-15 15:05:00'),(847,2,'message','Bạn có tin nhắn mới từ Trần Quang Vinh',0,'2024-07-01 10:35:00');
/*!40000 ALTER TABLE `notifications` ENABLE KEYS */;
UNLOCK TABLES;

--
-- Table structure for table `posts`
--

DROP TABLE IF EXISTS `posts`;
/*!40101 SET @saved_cs_client     = @@character_set_client */;
/*!50503 SET character_set_client = utf8mb4 */;
CREATE TABLE `posts` (
  `post_id` int NOT NULL AUTO_INCREMENT,
  `user_id` int NOT NULL,
  `content` text COLLATE utf8mb4_unicode_ci NOT NULL,
  `created_at` datetime DEFAULT CURRENT_TIMESTAMP,
  PRIMARY KEY (`post_id`),
  KEY `posts_fk_users` (`user_id`),
  KEY `posts_created_at_ix` (`created_at` DESC),
  CONSTRAINT `posts_fk_users` FOREIGN KEY (`user_id`) REFERENCES `users` (`user_id`)
) ENGINE=InnoDB AUTO_INCREMENT=297 DEFAULT CHARSET=utf8mb4 COLLATE=utf8mb4_unicode_ci;
/*!40101 SET character_set_client = @saved_cs_client */;

--
-- Dumping data for table `posts`
--

LOCK TABLES `posts` WRITE;
/*!40000 ALTER TABLE `posts` DISABLE KEYS */;
INSERT INTO `posts` VALUES (1,1,'Chào mọi người! Hôm nay mình bắt đầu học MySQL.','2026-01-09 16:53:40'),(2,2,'Ai có tài liệu SQL cơ bản cho người mới không?','2026-01-09 16:53:40'),(3,3,'Mình đang luyện JOIN, hơi rối nhưng vui.','2026-01-09 16:53:40'),(4,4,'Thiết kế ERD xong thấy dữ liệu rõ ràng hơn hẳn.','2026-01-09 16:53:40'),(5,5,'Học chuẩn hoá (normalization) giúp tránh trùng dữ liệu.','2026-01-09 16:53:40'),(6,6,'Tối ưu truy vấn: nhớ tạo index đúng chỗ.','2026-01-09 16:53:40'),(7,7,'Mình đang làm mini mạng xã hội bằng MySQL.','2026-01-09 16:53:40'),(8,8,'Bạn nào biết khác nhau giữa InnoDB và MyISAM không?','2026-01-09 16:53:40'),(9,9,'Uống cà phê rồi mới code tiếp thôi ☕','2026-01-09 16:53:40'),(10,10,'Hôm nay học GROUP BY và HAVING.','2026-01-09 16:53:40'),(11,11,'Subquery khó nhưng dùng quen sẽ “đã”.','2026-01-09 16:53:40'),(12,12,'Mình vừa tạo VIEW để xem thống kê bài viết.','2026-01-09 16:53:40'),(13,13,'Trigger dùng để tự tạo thông báo khi có comment.','2026-01-09 16:53:40'),(14,14,'Transaction quan trọng để tránh lỗi dữ liệu giữa chừng.','2026-01-09 16:53:40'),(15,15,'ACID là nền tảng của hệ quản trị CSDL.','2026-01-09 16:53:40'),(16,16,'Mình đang luyện câu truy vấn top bài nhiều like nhất.','2026-01-09 16:53:40'),(17,17,'Có ai muốn cùng luyện SQL mỗi ngày không?','2026-01-09 16:53:40'),(18,18,'Tạo bảng có khoá ngoại giúp dữ liệu “sạch” hơn.','2026-01-09 16:53:40'),(19,19,'Đang tìm cách sinh dữ liệu giả để test hiệu năng.','2026-01-09 16:53:40'),(20,20,'Backup database thường xuyên nhé mọi người!','2026-01-09 16:53:40'),(21,1,'Bài 2: hôm nay mình luyện insert dữ liệu tiếng Việt.','2026-01-09 16:53:40'),(22,2,'Lưu tiếng Việt nhớ dùng utf8mb4.','2026-01-09 16:53:40'),(23,3,'Đừng quên kiểm tra collation nữa.','2026-01-09 16:53:40'),(24,4,'Query phức tạp thì chia nhỏ ra debug dễ hơn.','2026-01-09 16:53:40'),(25,5,'Viết query xong nhớ EXPLAIN để xem plan.','2026-01-09 16:53:40'),(26,6,'Index nhiều quá cũng không tốt, phải cân bằng.','2026-01-09 16:53:40'),(27,7,'Mình thêm chức năng kết bạn: pending/accepted.','2026-01-09 16:53:40'),(28,8,'Nhắn tin (messages) cũng là quan hệ 2 user.','2026-01-09 16:53:40'),(29,9,'Notification giúp mô phỏng giống Facebook.','2026-01-09 16:53:40'),(30,10,'Cuối tuần mình tổng hợp 50 bài tập SQL.','2026-01-09 16:53:40'),(31,11,'Hôm nay mình tìm hiểu về Stored Procedure trong MySQL.','2026-01-09 16:53:40'),(32,12,'Phân quyền user trong MySQL cũng quan trọng không kém.','2026-01-09 16:53:40'),(33,13,'Ai đang dùng MySQL Workbench giống mình không?','2026-01-09 16:53:40'),(34,14,'Mình thử import database lớn thấy hơi chậm.','2026-01-09 16:53:40'),(35,15,'Backup bằng mysqldump khá tiện.','2026-01-09 16:53:40'),(36,16,'Replication giúp tăng khả năng chịu tải.','2026-01-09 16:53:40'),(37,17,'MySQL và PostgreSQL khác nhau khá nhiều đấy.','2026-01-09 16:53:40'),(38,18,'Mình đang học tối ưu query cho bảng lớn.','2026-01-09 16:53:40'),(39,19,'Partition table có ai dùng chưa?','2026-01-09 16:53:40'),(40,20,'Học database cần kiên nhẫn thật sự.','2026-01-09 16:53:40'),(41,3,'Hôm nay mình ngồi debug SQL gần 3 tiếng ?','2026-01-09 16:53:40'),(42,7,'JOIN nhiều bảng quá nhìn hoa cả mắt.','2026-01-09 16:53:40'),(43,7,'Làm project CSDL mới thấy thiết kế ban đầu quan trọng thế nào.','2026-01-09 16:53:40'),(44,12,'Mình vừa thử dùng EXPLAIN, thấy query chạy khác hẳn.','2026-01-09 16:53:40'),(45,1,'Tối nay mình luyện thêm GROUP BY + HAVING.','2026-01-09 16:53:40'),(46,1,'Có ai từng quên index rồi query chậm kinh khủng chưa?','2026-01-09 16:53:40'),(47,15,'Backup dữ liệu mà quên test restore là toang ?','2026-01-09 16:53:40'),(48,9,'Mình đang test feed bài viết giống Facebook.','2026-01-09 16:53:40'),(49,9,'Post này chỉ để test notification.','2026-01-09 16:53:40'),(50,18,'Partition table có vẻ hợp với log hệ thống.','2026-01-09 16:53:40'),(51,4,'FK giúp dữ liệu sạch hơn nhưng insert hơi chậm.','2026-01-09 16:53:40'),(52,6,'Index nhiều quá cũng không hẳn là tốt.','2026-01-09 16:53:40'),(53,6,'Mình vừa xoá bớt index thấy insert nhanh hơn.','2026-01-09 16:53:40'),(54,1,'Spam nhẹ bài thứ 3 trong ngày ?','2026-01-09 16:53:40'),(55,1,'Lại là mình, test feed xem sao.','2026-01-09 16:53:40'),(56,1,'Ai bảo làm mạng xã hội là dễ đâu.','2026-01-09 16:53:40'),(57,5,'Hôm nay mình chỉ ngồi đọc tài liệu DB.','2026-01-09 16:53:40'),(58,8,'Index composite dùng sai thứ tự là coi như bỏ.','2026-01-09 16:53:40'),(59,11,'Stored Procedure đôi khi khó debug thật.','2026-01-09 16:53:40'),(60,11,'Nhưng dùng quen thì khá tiện.','2026-01-09 16:53:40'),(61,14,'Import database lớn nên chia nhỏ file.','2026-01-09 16:53:40'),(62,17,'PostgreSQL và MySQL mỗi thằng mạnh một kiểu.','2026-01-09 16:53:40'),(63,19,'Log table mà không partition là rất mệt.','2026-01-09 16:53:40'),(64,20,'Cuối kỳ ai cũng vật vã với đồ án ?','2026-01-09 16:53:40'),(65,2,'Hôm nay mình test truy vấn feed người dùng.','2026-01-09 16:53:40'),(66,2,'Feed mà load chậm là user thoát liền.','2026-01-09 16:53:40'),(67,4,'Thiết kế CSDL tốt giúp code backend nhàn hơn.','2026-01-09 16:53:40'),(68,10,'Post này đăng thử xem có ai đọc không.','2026-01-09 16:53:40'),(69,13,'Có nên dùng denormalization để tăng hiệu năng?','2026-01-09 16:53:40'),(70,16,'Index nên tạo sau khi đã có dữ liệu mẫu.','2026-01-09 16:53:40'),(71,18,'Partition theo RANGE vs HASH, mọi người hay dùng cái nào?','2026-01-09 16:53:40'),(72,3,'Lâu rồi mới đăng bài, mọi người học SQL tới đâu rồi?','2026-01-09 16:53:40'),(73,6,'Index chỉ hiệu quả khi WHERE/JOIN đúng cột.','2026-01-09 16:53:40'),(74,8,'Mình nghĩ dùng index càng nhiều càng tốt ?','2026-01-09 16:53:40'),(75,12,'So sánh B-Tree index và Hash index trong MySQL.','2026-01-09 16:53:40'),(76,15,'Post này chỉ để test dữ liệu thôi.','2026-01-09 16:53:40'),(77,18,'Partition theo RANGE rất hợp cho bảng log.','2026-01-09 16:53:40'),(78,18,'Partition mà không có where theo key thì cũng vô nghĩa.','2026-01-09 16:53:40'),(79,20,'Deadline đồ án CSDL dí quá rồi ?','2026-01-09 16:53:40'),(80,5,'Lâu quá không đụng SQL, hôm nay mở lại thấy quên nhiều thứ ghê.','2026-01-09 16:53:40'),(81,7,'Làm project thật mới thấy dữ liệu test quan trọng cỡ nào.','2026-01-09 16:53:40'),(82,9,'Code chạy đúng nhưng vẫn thấy lo lo ?','2026-01-09 16:53:40'),(83,13,'Theo mọi người có nên đánh index cho cột boolean không?','2026-01-09 16:53:40'),(84,16,'Mình vừa đọc xong tài liệu về query cache.','2026-01-09 16:53:40'),(85,18,'Index không dùng thì optimizer cũng bỏ qua thôi.','2026-01-09 16:53:40'),(86,18,'Đừng tin cảm giác, hãy tin EXPLAIN.','2026-01-09 16:53:40'),(87,20,'Mới sửa xong bug lại phát sinh bug khác ?','2026-01-09 16:53:40'),(88,1,'Test tiếp dữ liệu cho phần thống kê user hoạt động.','2026-01-09 16:53:40'),(89,4,'Làm CSDL nhớ nghĩ tới dữ liệu 1–2 năm sau.','2026-01-09 16:53:40'),(90,6,'Mọi người ơi, có phải index càng nhiều càng tốt không?','2026-01-09 16:53:40'),(91,8,'Mình thấy boolean cũng nên index cho chắc ?','2026-01-09 16:53:40'),(92,11,'Có ai cảm thấy học DB khó hơn học code không?','2026-01-09 16:53:40'),(93,14,'Mình từng quên WHERE trong câu UPDATE ?','2026-01-09 16:53:40'),(94,17,'Mình toàn vào đọc chứ ít khi comment.','2026-01-09 16:53:40'),(95,19,'Clustered index và non-clustered index khác nhau thế nào?','2026-01-09 16:53:40'),(96,20,'Deadline càng gần bug càng nhiều ?','2026-01-09 16:53:40'),(97,21,'Cuối tuần này định đi Đà Lạt, có ai đi cùng không?','2024-01-26 00:00:00'),(98,24,'Học online mãi cũng chán, muốn đi học offline lại rồi','2024-09-07 00:00:00'),(99,8,'Share công thức nấu ăn ngon đây: Bún bò Huế chuẩn vị ?','2024-04-14 00:00:00'),(100,22,'Motivation quote: \'Stay hungry, stay foolish\'','2025-07-12 00:00:00'),(101,3,'Đang học lập trình Python, ai có tips chia sẻ không?','2025-03-08 00:00:00'),(102,2,'Hôm nay thời tiết Hà Nội đẹp quá, ra đường dạo một vòng ?','2024-04-05 00:00:00'),(103,7,'Nghe nhạc chill cuối ngày, recommend playlist đi các bạn','2025-06-01 00:00:00'),(104,20,'Hôm nay thời tiết Hà Nội đẹp quá, ra đường dạo một vòng ?','2025-07-28 00:00:00'),(105,7,'Ăn vặt đêm khuya, tội lỗi nhưng ngon ?','2025-10-27 00:00:00'),(106,23,'Hỏi thăm mọi người khỏe không, lâu rồi không tương tác','2025-03-05 00:00:00'),(107,8,'Trời mưa cả ngày, chỉ muốn nằm nhà xem Netflix ☔','2025-08-26 00:00:00'),(108,9,'Hôm nay thời tiết Hà Nội đẹp quá, ra đường dạo một vòng ?','2024-06-12 00:00:00'),(109,23,'Ai chơi game Genshin Impact không, add friend nào ?','2024-12-14 00:00:00'),(110,9,'Share công thức nấu ăn ngon đây: Bún bò Huế chuẩn vị ?','2024-08-08 00:00:00'),(111,25,'Check-in quán ăn mới mở ở TP.HCM, ngon tuyệt!','2024-04-14 00:00:00'),(112,3,'Book recommendation: \'Atomic Habits\' rất hay!','2024-04-09 00:00:00'),(113,12,'Tập gym đều đặn được 1 tháng rồi, tự thưởng ?','2025-09-10 00:00:00'),(114,9,'Ai biết quán cà phê chill ở quận Hoàn Kiếm không giới thiệu mình với!','2025-04-15 00:00:00'),(115,18,'Cuối tuần này định đi Đà Lạt, có ai đi cùng không?','2025-01-22 00:00:00'),(116,3,'Hỏi thăm mọi người khỏe không, lâu rồi không tương tác','2024-10-27 00:00:00'),(117,21,'Buổi sáng tốt lành từ Sài Gòn ☕','2025-01-05 00:00:00'),(118,19,'Mới mua chiếc áo khoác đẹp, khoe mọi người xem ?','2025-12-22 00:00:00'),(119,3,'Ai biết quán cà phê chill ở quận Hoàn Kiếm không giới thiệu mình với!','2025-11-08 00:00:00'),(120,8,'Pet của mình dễ thương quá, share ảnh đây ?','2024-10-23 00:00:00'),(121,3,'Nghe nhạc chill cuối ngày, recommend playlist đi các bạn','2024-04-13 00:00:00'),(122,13,'Học online mãi cũng chán, muốn đi học offline lại rồi','2025-04-09 00:00:00'),(123,21,'Tập gym đều đặn được 1 tháng rồi, tự thưởng ?','2024-06-15 00:00:00'),(124,12,'Tập gym đều đặn được 1 tháng rồi, tự thưởng ?','2024-08-02 00:00:00'),(125,22,'Học online mãi cũng chán, muốn đi học offline lại rồi','2025-12-19 00:00:00'),(126,22,'Khoe vườn rau sạch nhà mình trồng ?','2024-03-14 00:00:00'),(127,20,'Khoe vườn rau sạch nhà mình trồng ?','2024-06-24 00:00:00'),(128,18,'Motivation quote: \'Stay hungry, stay foolish\'','2024-09-07 00:00:00'),(129,6,'Trời mưa cả ngày, chỉ muốn nằm nhà xem Netflix ☔','2025-01-23 00:00:00'),(130,9,'Khoe vườn rau sạch nhà mình trồng ?','2025-12-05 00:00:00'),(131,18,'Nghe nhạc chill cuối ngày, recommend playlist đi các bạn','2025-12-02 00:00:00'),(132,11,'Pet của mình dễ thương quá, share ảnh đây ?','2024-02-27 00:00:00'),(133,8,'Ai biết quán cà phê chill ở quận Hoàn Kiếm không giới thiệu mình với!','2024-11-19 00:00:00'),(134,13,'Học online mãi cũng chán, muốn đi học offline lại rồi','2024-03-08 00:00:00'),(135,7,'Đang học lập trình Python, ai có tips chia sẻ không?','2026-01-05 00:00:00'),(136,11,'Mới mua chiếc áo khoác đẹp, khoe mọi người xem ?','2025-11-02 00:00:00'),(137,16,'Book recommendation: \'Atomic Habits\' rất hay!','2025-10-20 00:00:00'),(138,15,'Share công thức nấu ăn ngon đây: Bún bò Huế chuẩn vị ?','2024-09-28 00:00:00'),(139,5,'Nghe nhạc chill cuối ngày, recommend playlist đi các bạn','2025-07-28 00:00:00'),(140,18,'Học online mãi cũng chán, muốn đi học offline lại rồi','2025-08-21 00:00:00'),(141,14,'Đang học lập trình Python, ai có tips chia sẻ không?','2025-02-12 00:00:00'),(142,12,'Nghe nhạc chill cuối ngày, recommend playlist đi các bạn','2024-05-21 00:00:00'),(143,17,'Mới đổi việc làm, mong mọi thứ suôn sẻ ?','2024-04-03 00:00:00'),(144,25,'Ai biết quán cà phê chill ở quận Hoàn Kiếm không giới thiệu mình với!','2024-04-22 00:00:00'),(145,5,'Khoe vườn rau sạch nhà mình trồng ?','2024-06-12 00:00:00'),(146,22,'Ai chơi game Genshin Impact không, add friend nào ?','2025-09-02 00:00:00'),(147,3,'Book recommendation: \'Atomic Habits\' rất hay!','2025-01-25 00:00:00'),(148,20,'Trời mưa cả ngày, chỉ muốn nằm nhà xem Netflix ☔','2025-06-25 00:00:00'),(149,9,'Hỏi thăm mọi người khỏe không, lâu rồi không tương tác','2024-01-12 00:00:00'),(150,22,'Motivation quote: \'Stay hungry, stay foolish\'','2024-04-27 00:00:00'),(151,22,'Hỏi thăm mọi người khỏe không, lâu rồi không tương tác','2024-09-30 00:00:00'),(152,25,'Khoe vườn rau sạch nhà mình trồng ?','2024-12-14 00:00:00'),(153,4,'Ăn tối gì tối nay nhỉ? Gợi ý giúp mình với ?','2025-03-21 00:00:00'),(154,6,'Trời mưa cả ngày, chỉ muốn nằm nhà xem Netflix ☔','2024-01-04 00:00:00'),(155,24,'Motivation quote: \'Stay hungry, stay foolish\'','2024-09-26 00:00:00'),(156,17,'Pet của mình dễ thương quá, share ảnh đây ?','2024-07-01 00:00:00'),(157,17,'Cuối tuần này định đi Đà Lạt, có ai đi cùng không?','2025-10-02 00:00:00'),(158,10,'Khoe vườn rau sạch nhà mình trồng ?','2025-06-03 00:00:00'),(159,20,'Mới mua chiếc áo khoác đẹp, khoe mọi người xem ?','2024-06-05 00:00:00'),(160,12,'Pet của mình dễ thương quá, share ảnh đây ?','2024-06-14 00:00:00'),(161,18,'Pet của mình dễ thương quá, share ảnh đây ?','2025-06-27 00:00:00'),(162,1,'Buổi sáng tốt lành từ Sài Gòn ☕','2024-11-27 00:00:00'),(163,16,'Hôm nay thời tiết Hà Nội đẹp quá, ra đường dạo một vòng ?','2024-04-24 00:00:00'),(164,12,'Ăn tối gì tối nay nhỉ? Gợi ý giúp mình với ?','2024-09-02 00:00:00'),(165,2,'Nghe nhạc chill cuối ngày, recommend playlist đi các bạn','2025-08-03 00:00:00'),(166,3,'Vừa xem xong phim mới, hay phết mọi người ơi ?','2025-05-12 00:00:00'),(167,3,'Pet của mình dễ thương quá, share ảnh đây ?','2025-06-29 00:00:00'),(168,25,'Share công thức nấu ăn ngon đây: Bún bò Huế chuẩn vị ?','2024-05-11 00:00:00'),(169,22,'Mới đổi việc làm, mong mọi thứ suôn sẻ ?','2025-07-16 00:00:00'),(170,6,'Học online mãi cũng chán, muốn đi học offline lại rồi','2025-06-24 00:00:00'),(171,20,'Ai chơi game Genshin Impact không, add friend nào ?','2024-08-04 00:00:00'),(172,18,'Pet của mình dễ thương quá, share ảnh đây ?','2025-12-07 00:00:00'),(173,7,'Ăn vặt đêm khuya, tội lỗi nhưng ngon ?','2024-11-15 00:00:00'),(174,13,'Du lịch bụi Đà Nẵng cuối tháng này, cần lời khuyên','2025-10-27 00:00:00'),(175,12,'Trời mưa cả ngày, chỉ muốn nằm nhà xem Netflix ☔','2025-06-13 00:00:00'),(176,15,'Cuối tuần này định đi Đà Lạt, có ai đi cùng không?','2024-09-10 00:00:00'),(177,8,'Vừa xem xong phim mới, hay phết mọi người ơi ?','2024-12-12 00:00:00'),(178,1,'Đang học lập trình Python, ai có tips chia sẻ không?','2025-07-21 00:00:00'),(179,8,'Đang học lập trình Python, ai có tips chia sẻ không?','2024-08-13 00:00:00'),(180,1,'Vừa xem xong phim mới, hay phết mọi người ơi ?','2025-12-25 00:00:00'),(181,21,'Ai biết quán cà phê chill ở quận Hoàn Kiếm không giới thiệu mình với!','2024-08-22 00:00:00'),(182,3,'Ai biết quán cà phê chill ở quận Hoàn Kiếm không giới thiệu mình với!','2024-12-04 00:00:00'),(183,3,'Selfie hôm nay, tự tin up ?','2024-08-31 00:00:00'),(184,9,'Du lịch bụi Đà Nẵng cuối tháng này, cần lời khuyên','2025-05-12 00:00:00'),(185,7,'Hỏi thăm mọi người khỏe không, lâu rồi không tương tác','2024-05-15 00:00:00'),(186,24,'Đang học lập trình Python, ai có tips chia sẻ không?','2025-08-13 00:00:00'),(187,16,'Nghe nhạc chill cuối ngày, recommend playlist đi các bạn','2025-04-29 00:00:00'),(188,14,'Mới mua chiếc áo khoác đẹp, khoe mọi người xem ?','2024-04-06 00:00:00'),(189,4,'Du lịch bụi Đà Nẵng cuối tháng này, cần lời khuyên','2025-03-17 00:00:00'),(190,12,'Ai chơi game Genshin Impact không, add friend nào ?','2025-02-24 00:00:00'),(191,15,'Motivation quote: \'Stay hungry, stay foolish\'','2024-02-25 00:00:00'),(192,22,'Khoe vườn rau sạch nhà mình trồng ?','2025-10-23 00:00:00'),(193,4,'Ai biết quán cà phê chill ở quận Hoàn Kiếm không giới thiệu mình với!','2025-02-16 00:00:00'),(194,24,'Check-in quán ăn mới mở ở TP.HCM, ngon tuyệt!','2024-04-21 00:00:00'),(195,8,'Mới mua chiếc áo khoác đẹp, khoe mọi người xem ?','2024-07-13 00:00:00'),(196,18,'Trời mưa cả ngày, chỉ muốn nằm nhà xem Netflix ☔','2024-05-23 00:00:00'),(197,14,'Mệt mỏi với deadline quá, ai cũng vậy không? ?','2024-10-12 00:00:00'),(198,15,'Nghe nhạc chill cuối ngày, recommend playlist đi các bạn','2024-03-18 00:00:00'),(199,15,'Hỏi thăm mọi người khỏe không, lâu rồi không tương tác','2024-04-10 00:00:00'),(200,2,'Khoe vườn rau sạch nhà mình trồng ?','2025-07-07 00:00:00'),(201,1,'Vừa xem xong phim mới, hay phết mọi người ơi ?','2024-08-30 00:00:00'),(202,6,'Ai chơi game Genshin Impact không, add friend nào ?','2025-05-12 00:00:00'),(203,16,'Mới mua chiếc áo khoác đẹp, khoe mọi người xem ?','2025-02-14 00:00:00'),(204,2,'Mệt mỏi với deadline quá, ai cũng vậy không? ?','2025-01-23 00:00:00'),(205,1,'Book recommendation: \'Atomic Habits\' rất hay!','2024-09-28 00:00:00'),(206,15,'Ăn tối gì tối nay nhỉ? Gợi ý giúp mình với ?','2025-03-09 00:00:00'),(207,23,'Motivation quote: \'Stay hungry, stay foolish\'','2025-07-23 00:00:00'),(208,22,'Ăn vặt đêm khuya, tội lỗi nhưng ngon ?','2025-05-13 00:00:00'),(209,5,'Mới mua chiếc áo khoác đẹp, khoe mọi người xem ?','2024-10-30 00:00:00'),(210,7,'Ai biết quán cà phê chill ở quận Hoàn Kiếm không giới thiệu mình với!','2025-08-16 00:00:00'),(211,24,'Hỏi thăm mọi người khỏe không, lâu rồi không tương tác','2024-03-03 00:00:00'),(212,24,'Check-in quán ăn mới mở ở TP.HCM, ngon tuyệt!','2024-02-28 00:00:00'),(213,2,'Đang học lập trình Python, ai có tips chia sẻ không?','2025-05-03 00:00:00'),(214,17,'Selfie hôm nay, tự tin up ?','2024-06-10 00:00:00'),(215,2,'Selfie hôm nay, tự tin up ?','2024-03-23 00:00:00'),(216,6,'Vừa xem xong phim mới, hay phết mọi người ơi ?','2025-09-01 00:00:00'),(217,3,'Du lịch bụi Đà Nẵng cuối tháng này, cần lời khuyên','2024-08-28 00:00:00'),(218,13,'Cuối tuần này định đi Đà Lạt, có ai đi cùng không?','2025-08-06 00:00:00'),(219,8,'Đang học lập trình Python, ai có tips chia sẻ không?','2025-08-31 00:00:00'),(220,2,'Buổi sáng tốt lành từ Sài Gòn ☕','2024-03-24 00:00:00'),(221,14,'Du lịch bụi Đà Nẵng cuối tháng này, cần lời khuyên','2025-08-20 00:00:00'),(222,19,'Selfie hôm nay, tự tin up ?','2024-11-19 00:00:00'),(223,9,'Mới mua chiếc áo khoác đẹp, khoe mọi người xem ?','2025-11-16 00:00:00'),(224,23,'Check-in quán ăn mới mở ở TP.HCM, ngon tuyệt!','2024-09-01 00:00:00'),(225,9,'Book recommendation: \'Atomic Habits\' rất hay!','2024-05-14 00:00:00'),(226,22,'Khoe vườn rau sạch nhà mình trồng ?','2024-11-03 00:00:00'),(227,15,'Check-in quán ăn mới mở ở TP.HCM, ngon tuyệt!','2024-03-15 00:00:00'),(228,1,'Trời mưa cả ngày, chỉ muốn nằm nhà xem Netflix ☔','2025-09-28 00:00:00'),(229,19,'Cuối tuần này định đi Đà Lạt, có ai đi cùng không?','2024-03-16 00:00:00'),(230,18,'Mới mua chiếc áo khoác đẹp, khoe mọi người xem ?','2025-06-02 00:00:00'),(231,9,'Share công thức nấu ăn ngon đây: Bún bò Huế chuẩn vị ?','2024-12-23 00:00:00'),(232,3,'Nghe nhạc chill cuối ngày, recommend playlist đi các bạn','2025-01-13 00:00:00'),(233,10,'Mệt mỏi với deadline quá, ai cũng vậy không? ?','2025-03-24 00:00:00'),(234,18,'Ăn vặt đêm khuya, tội lỗi nhưng ngon ?','2024-11-05 00:00:00'),(235,20,'Khoe vườn rau sạch nhà mình trồng ?','2025-06-25 00:00:00'),(236,1,'Du lịch bụi Đà Nẵng cuối tháng này, cần lời khuyên','2025-07-21 00:00:00'),(237,10,'Du lịch bụi Đà Nẵng cuối tháng này, cần lời khuyên','2024-04-16 00:00:00'),(238,5,'Học online mãi cũng chán, muốn đi học offline lại rồi','2024-04-28 00:00:00'),(239,4,'Motivation quote: \'Stay hungry, stay foolish\'','2025-07-20 00:00:00'),(240,5,'Học online mãi cũng chán, muốn đi học offline lại rồi','2024-10-15 00:00:00'),(241,20,'Mới mua chiếc áo khoác đẹp, khoe mọi người xem ?','2026-01-04 00:00:00'),(242,11,'Mới mua chiếc áo khoác đẹp, khoe mọi người xem ?','2025-12-04 00:00:00'),(243,21,'Học online mãi cũng chán, muốn đi học offline lại rồi','2025-06-01 00:00:00'),(244,16,'Học online mãi cũng chán, muốn đi học offline lại rồi','2024-02-22 00:00:00'),(245,3,'Khoe vườn rau sạch nhà mình trồng ?','2025-03-09 00:00:00'),(246,9,'Ai biết quán cà phê chill ở quận Hoàn Kiếm không giới thiệu mình với!','2024-01-04 00:00:00'),(247,11,'Pet của mình dễ thương quá, share ảnh đây ?','2024-05-13 00:00:00'),(248,21,'Học online mãi cũng chán, muốn đi học offline lại rồi','2024-06-14 00:00:00'),(249,24,'Trời mưa cả ngày, chỉ muốn nằm nhà xem Netflix ☔','2025-07-18 00:00:00'),(250,23,'Ai chơi game Genshin Impact không, add friend nào ?','2025-07-28 00:00:00'),(251,1,'Cuối tuần này định đi Đà Lạt, có ai đi cùng không?','2024-03-18 00:00:00'),(252,23,'Share công thức nấu ăn ngon đây: Bún bò Huế chuẩn vị ?','2025-07-12 00:00:00'),(253,2,'Tập gym đều đặn được 1 tháng rồi, tự thưởng ?','2025-08-19 00:00:00'),(254,18,'Share công thức nấu ăn ngon đây: Bún bò Huế chuẩn vị ?','2025-03-16 00:00:00'),(255,5,'Ai biết quán cà phê chill ở quận Hoàn Kiếm không giới thiệu mình với!','2024-11-11 00:00:00'),(256,12,'Ai biết quán cà phê chill ở quận Hoàn Kiếm không giới thiệu mình với!','2025-01-01 00:00:00'),(257,7,'Du lịch bụi Đà Nẵng cuối tháng này, cần lời khuyên','2024-09-12 00:00:00'),(258,22,'Cuối tuần này định đi Đà Lạt, có ai đi cùng không?','2024-12-28 00:00:00'),(259,25,'Hỏi thăm mọi người khỏe không, lâu rồi không tương tác','2025-02-20 00:00:00'),(260,20,'Motivation quote: \'Stay hungry, stay foolish\'','2024-06-07 00:00:00'),(261,8,'Mệt mỏi với deadline quá, ai cũng vậy không? ?','2024-06-30 00:00:00'),(262,14,'Hôm nay thời tiết Hà Nội đẹp quá, ra đường dạo một vòng ?','2024-07-02 00:00:00'),(263,24,'Check-in quán ăn mới mở ở TP.HCM, ngon tuyệt!','2025-02-25 00:00:00'),(264,22,'Motivation quote: \'Stay hungry, stay foolish\'','2024-09-11 00:00:00'),(265,9,'Mệt mỏi với deadline quá, ai cũng vậy không? ?','2025-12-19 00:00:00'),(266,4,'Book recommendation: \'Atomic Habits\' rất hay!','2024-02-09 00:00:00'),(267,16,'Nghe nhạc chill cuối ngày, recommend playlist đi các bạn','2024-07-23 00:00:00'),(268,15,'Tập gym đều đặn được 1 tháng rồi, tự thưởng ?','2024-11-08 00:00:00'),(269,8,'Nghe nhạc chill cuối ngày, recommend playlist đi các bạn','2024-01-25 00:00:00'),(270,22,'Mới mua chiếc áo khoác đẹp, khoe mọi người xem ?','2025-02-12 00:00:00'),(271,11,'Học online mãi cũng chán, muốn đi học offline lại rồi','2024-03-12 00:00:00'),(272,25,'Học online mãi cũng chán, muốn đi học offline lại rồi','2024-12-25 00:00:00'),(273,21,'Selfie hôm nay, tự tin up ?','2025-02-13 00:00:00'),(274,22,'Hỏi thăm mọi người khỏe không, lâu rồi không tương tác','2024-12-05 00:00:00'),(275,1,'Cuối tuần này định đi Đà Lạt, có ai đi cùng không?','2024-09-24 00:00:00'),(276,6,'Đang học lập trình Python, ai có tips chia sẻ không?','2024-09-28 00:00:00'),(277,2,'Cuối tuần này định đi Đà Lạt, có ai đi cùng không?','2025-09-02 00:00:00'),(278,14,'Tập gym đều đặn được 1 tháng rồi, tự thưởng ?','2024-11-17 00:00:00'),(279,14,'Buổi sáng tốt lành từ Sài Gòn ☕','2025-06-07 00:00:00'),(280,4,'Book recommendation: \'Atomic Habits\' rất hay!','2025-08-13 00:00:00'),(281,7,'Học online mãi cũng chán, muốn đi học offline lại rồi','2024-02-15 00:00:00'),(282,23,'Ai chơi game Genshin Impact không, add friend nào ?','2024-01-02 00:00:00'),(283,17,'Hỏi thăm mọi người khỏe không, lâu rồi không tương tác','2025-12-04 00:00:00'),(284,24,'Motivation quote: \'Stay hungry, stay foolish\'','2025-11-17 00:00:00'),(285,7,'Tập gym đều đặn được 1 tháng rồi, tự thưởng ?','2025-03-17 00:00:00'),(286,3,'Du lịch bụi Đà Nẵng cuối tháng này, cần lời khuyên','2024-12-04 00:00:00'),(287,20,'Check-in quán ăn mới mở ở TP.HCM, ngon tuyệt!','2025-11-10 00:00:00'),(288,4,'Motivation quote: \'Stay hungry, stay foolish\'','2024-11-03 00:00:00'),(289,17,'Ăn tối gì tối nay nhỉ? Gợi ý giúp mình với ?','2025-11-13 00:00:00'),(290,14,'Check-in quán ăn mới mở ở TP.HCM, ngon tuyệt!','2025-02-16 00:00:00'),(291,23,'Ăn tối gì tối nay nhỉ? Gợi ý giúp mình với ?','2025-07-21 00:00:00'),(292,5,'Mới mua chiếc áo khoác đẹp, khoe mọi người xem ?','2025-03-06 00:00:00'),(293,22,'Book recommendation: \'Atomic Habits\' rất hay!','2025-11-24 00:00:00'),(294,24,'Mệt mỏi với deadline quá, ai cũng vậy không? ?','2025-09-22 00:00:00'),(295,19,'Ăn tối gì tối nay nhỉ? Gợi ý giúp mình với ?','2025-02-19 00:00:00'),(296,18,'Hôm nay thời tiết Hà Nội đẹp quá, ra đường dạo một vòng ?','2024-11-07 00:00:00');
/*!40000 ALTER TABLE `posts` ENABLE KEYS */;
UNLOCK TABLES;

--
-- Table structure for table `users`
--

DROP TABLE IF EXISTS `users`;
/*!40101 SET @saved_cs_client     = @@character_set_client */;
/*!50503 SET character_set_client = utf8mb4 */;
CREATE TABLE `users` (
  `user_id` int NOT NULL AUTO_INCREMENT,
  `username` varchar(50) COLLATE utf8mb4_unicode_ci NOT NULL,
  `full_name` varchar(100) COLLATE utf8mb4_unicode_ci NOT NULL,
  `gender` enum('Nam','Nữ') COLLATE utf8mb4_unicode_ci NOT NULL DEFAULT 'Nam',
  `email` varchar(100) COLLATE utf8mb4_unicode_ci NOT NULL,
  `password` varchar(100) COLLATE utf8mb4_unicode_ci NOT NULL,
  `birthdate` date DEFAULT NULL,
  `hometown` varchar(100) COLLATE utf8mb4_unicode_ci DEFAULT NULL,
  `created_at` datetime DEFAULT CURRENT_TIMESTAMP,
  PRIMARY KEY (`user_id`),
  UNIQUE KEY `username` (`username`),
  UNIQUE KEY `email` (`email`)
) ENGINE=InnoDB AUTO_INCREMENT=26 DEFAULT CHARSET=utf8mb4 COLLATE=utf8mb4_unicode_ci;
/*!40101 SET character_set_client = @saved_cs_client */;

--
-- Dumping data for table `users`
--

LOCK TABLES `users` WRITE;
/*!40000 ALTER TABLE `users` DISABLE KEYS */;
INSERT INTO `users` VALUES (1,'an','Nguyễn Văn An','Nam','an@gmail.com','123','1990-01-01','Hà Nội','2026-01-09 16:53:40'),(2,'binh','Trần Thị Bình','Nữ','binh@gmail.com','123','1992-02-15','TP.HCM','2026-01-09 16:53:40'),(3,'chi','Lê Minh Chi','Nữ','chi@gmail.com','123','1991-03-10','Đà Nẵng','2026-01-09 16:53:40'),(4,'duy','Phạm Quốc Duy','Nam','duy@gmail.com','123','1990-05-20','Hải Phòng','2026-01-09 16:53:40'),(5,'ha','Vũ Thu Hà','Nữ','ha@gmail.com','123','1994-07-25','Hà Nội','2026-01-09 16:53:40'),(6,'hieu','Đặng Hữu Hiếu','Nam','hieu@gmail.com','123','1993-11-30','TP.HCM','2026-01-09 16:53:40'),(7,'hoa','Ngô Mai Hoa','Nữ','hoa@gmail.com','123','1995-04-18','Đà Nẵng','2026-01-09 16:53:40'),(8,'khanh','Bùi Khánh Linh','Nữ','khanh@gmail.com','123','1992-09-12','TP.HCM','2026-01-09 16:53:40'),(9,'lam','Hoàng Đức Lâm','Nam','lam@gmail.com','123','1991-10-05','Hà Nội','2026-01-09 16:53:40'),(10,'linh','Phan Mỹ Linh','Nữ','linh@gmail.com','123','1994-06-22','Đà Nẵng','2026-01-09 16:53:40'),(11,'minh','Nguyễn Minh','Nam','minh@gmail.com','123','1990-12-01','Hà Nội','2026-01-09 16:53:40'),(12,'nam','Trần Quốc Nam','Nam','nam@gmail.com','123','1992-02-05','TP.HCM','2026-01-09 16:53:40'),(13,'nga','Lý Thúy Nga','Nữ','nga@gmail.com','123','1993-08-16','Hà Nội','2026-01-09 16:53:40'),(14,'nhan','Đỗ Hoàng Nhân','Nam','nhan@gmail.com','123','1991-04-20','TP.HCM','2026-01-09 16:53:40'),(15,'phuong','Tạ Kim Phương','Nữ','phuong@gmail.com','123','1990-05-14','Đà Nẵng','2026-01-09 16:53:40'),(16,'quang','Lê Quang','Nam','quang@gmail.com','123','1992-09-25','Hà Nội','2026-01-09 16:53:40'),(17,'son','Nguyễn Thành Sơn','Nam','son@gmail.com','123','1994-03-19','TP.HCM','2026-01-09 16:53:40'),(18,'thao','Trần Thảo','Nữ','thao@gmail.com','123','1993-11-07','Đà Nẵng','2026-01-09 16:53:40'),(19,'trang','Phạm Thu Trang','Nữ','trang@gmail.com','123','1995-06-02','Hà Nội','2026-01-09 16:53:40'),(20,'tuan','Đinh Minh Tuấn','Nam','tuan@gmail.com','123','1990-07-30','TP.HCM','2026-01-09 16:53:40'),(21,'dung','Hoàng Tuấn Dũng','Nam','dung@gmail.com','123','1993-05-10','Hải Phòng','2026-01-09 16:53:40'),(22,'yen','Phạm Hải Yến','Nữ','yen@gmail.com','123','1995-08-22','Hà Nội','2026-01-09 16:53:40'),(23,'thanh','Lê Văn Thành','Nam','thanh@gmail.com','123','1991-12-15','Cần Thơ','2026-01-09 16:53:40'),(24,'mai','Nguyễn Tuyết Mai','Nữ','mai@gmail.com','123','1994-02-28','TP.HCM','2026-01-09 16:53:40'),(25,'vinh','Trần Quang Vinh','Nam','vinh@gmail.com','123','1992-09-05','Đà Nẵng','2026-01-09 16:53:40');
/*!40000 ALTER TABLE `users` ENABLE KEYS */;
UNLOCK TABLES;

--
-- Temporary view structure for view `view_highly_interactive_users`
--

DROP TABLE IF EXISTS `view_highly_interactive_users`;
/*!50001 DROP VIEW IF EXISTS `view_highly_interactive_users`*/;
SET @saved_cs_client     = @@character_set_client;
/*!50503 SET character_set_client = utf8mb4 */;
/*!50001 CREATE VIEW `view_highly_interactive_users` AS SELECT 
 1 AS `user_id`,
 1 AS `username`,
 1 AS `post_id`,
 1 AS `content`,
 1 AS `comment_count`*/;
SET character_set_client = @saved_cs_client;

--
-- Final view structure for view `view_highly_interactive_users`
--

/*!50001 DROP VIEW IF EXISTS `view_highly_interactive_users`*/;
/*!50001 SET @saved_cs_client          = @@character_set_client */;
/*!50001 SET @saved_cs_results         = @@character_set_results */;
/*!50001 SET @saved_col_connection     = @@collation_connection */;
/*!50001 SET character_set_client      = utf8mb4 */;
/*!50001 SET character_set_results     = utf8mb4 */;
/*!50001 SET collation_connection      = utf8mb4_0900_ai_ci */;
/*!50001 CREATE ALGORITHM=UNDEFINED */
/*!50013 DEFINER=`root`@`localhost` SQL SECURITY DEFINER */
/*!50001 VIEW `view_highly_interactive_users` AS select `u`.`user_id` AS `user_id`,`u`.`username` AS `username`,`p`.`post_id` AS `post_id`,`p`.`content` AS `content`,count(`c`.`comment_id`) AS `comment_count` from (((`posts` `p` join `users` `u` on((`p`.`user_id` = `u`.`user_id`))) join `comments` `c` on((`p`.`post_id` = `c`.`post_id`))) join `likes` `l` on((`p`.`post_id` = `l`.`post_id`))) group by `p`.`post_id` having ((`comment_count` > 5) and (count(`l`.`post_id`) > 5)) */;
/*!50001 SET character_set_client      = @saved_cs_client */;
/*!50001 SET character_set_results     = @saved_cs_results */;
/*!50001 SET collation_connection      = @saved_col_connection */;
/*!40103 SET TIME_ZONE=@OLD_TIME_ZONE */;

/*!40101 SET SQL_MODE=@OLD_SQL_MODE */;
/*!40014 SET FOREIGN_KEY_CHECKS=@OLD_FOREIGN_KEY_CHECKS */;
/*!40014 SET UNIQUE_CHECKS=@OLD_UNIQUE_CHECKS */;
/*!40101 SET CHARACTER_SET_CLIENT=@OLD_CHARACTER_SET_CLIENT */;
/*!40101 SET CHARACTER_SET_RESULTS=@OLD_CHARACTER_SET_RESULTS */;
/*!40101 SET COLLATION_CONNECTION=@OLD_COLLATION_CONNECTION */;
/*!40111 SET SQL_NOTES=@OLD_SQL_NOTES */;

-- Dump completed on 2026-01-09 23:45:46
